actor_uid,baseline_year,baseline_value,name,entity_type,iso,target_id_update,target_type,target_year,target_value,target_unit,Datasource_targets,baseline_unit,Datasource_baseline,total_emissions,emiss_year,Datasource_inventory,population,population_year,epc,country,region,target_term,climactor_id,GDAM_id,c40,uesi_id,name_mod
AR Rosario City,2018,3350230,Rosario,City,ARG,AR Rosario City:2018:2030:22,Absolute emission reduction,2030,22,percent,CDP cities targets,tCO2e,CDP cities targets,3350230,2018,CDP cities targets,1276000,2012,2.62557210031348,Argentina,Latin America and Caribbean,Medium-term targets (6-15 years),23435dd2_1ffcd71b,ARG.21.12_1,NA,ARG_R3594027,NA
AR Rosario City,2018,3350230,Rosario,City,ARG,AR Rosario City:NA:2050:Net zero,Net zero,2050,100,percent,NZT,tCO2e,CDP cities targets,3120114,2021,CDP cities emissions,1001406,2020,3.1157332790097123,Argentina,Latin America and Caribbean,Long-term targets (>15 years),23435dd2_1ffcd71b,ARG.21.12_1,NA,ARG_R3594027,NA
AU Melbourne City,2015,4700672,Melbourne,City,AUS,AU Melbourne City:2015:2025:33,Absolute emission reduction,2025,33,percent,CDP cities targets,tCO2e,CDP cities targets,4208665,2021,CDP cities emissions,169860,2021,24.77725774166961,Australia,East Asia and the Pacific,Short-term targets (within 5 years),e71ee7c9_76b7a108,AUS.10.44_1,TRUE,AUS_R4246124,NA
AU Melbourne City,2015,4700672,Melbourne,City,AUS,AU Melbourne City:2015:2030:75,Absolute emission reduction,2030,75,percent,CDP cities targets,tCO2e,CDP cities targets,4208665,2021,CDP cities emissions,169860,2021,24.77725774166961,Australia,East Asia and the Pacific,Medium-term targets (6-15 years),e71ee7c9_76b7a108,AUS.10.44_1,TRUE,AUS_R4246124,NA
AU Melbourne City,2015,4700672,Melbourne,City,AUS,AU Melbourne City:NA:2040:100,Absolute emission reduction,2040,100,percent,CDP cities targets,tCO2e,CDP cities targets,4208665,2021,CDP cities emissions,169860,2021,24.77725774166961,Australia,East Asia and the Pacific,Long-term targets (>15 years),e71ee7c9_76b7a108,AUS.10.44_1,TRUE,AUS_R4246124,NA
AU Sydney City,2006,5815521,Sydney,City,AUS,AU Sydney City:2006:2030:70,Absolute emission reduction,2030,70,percent,CDP cities targets,tCO2e,CDP cities targets,4014752,2021,CDP cities emissions,267014,2020,15.03573595392002,Australia,East Asia and the Pacific,Medium-term targets (6-15 years),1378181b_c3abb280,AUS.5.122_1,TRUE,AUS_R5750005,NA
AU Sydney City,2006,5815521,Sydney,City,AUS,AU Sydney City:NA:2035:100,Absolute emission reduction,2035,100,percent,CDP cities targets,tCO2e,CDP cities targets,4014752,2021,CDP cities emissions,267014,2020,15.03573595392002,Australia,East Asia and the Pacific,Medium-term targets (6-15 years),1378181b_c3abb280,AUS.5.122_1,TRUE,AUS_R5750005,NA
BR Belo Horizonte City,2007,4175464,Belo Horizonte,City,BRA,BR Belo Horizonte City:2007:2030:20,Absolute emission reduction,2030,20,percent,CDP cities targets,tCO2e,CDP cities targets,4042504,2020,CDP cities emissions,2500000,2019,1.6170016,Brazil,Latin America and Caribbean,Medium-term targets (6-15 years),6f7166f5_38a9307d,BRA.13.66_2,NA,BRA_R368782,NA
BR Belo Horizonte City,2007,4175464,Belo Horizonte,City,BRA,BR Belo Horizonte City:NA:2050:Net zero,Net zero,2050,100,percent,NZT,tCO2e,NZT,4042504,2020,CDP cities emissions,2500000,2019,1.6170016,Brazil,Latin America and Caribbean,Long-term targets (>15 years),6f7166f5_38a9307d,BRA.13.66_2,NA,BRA_R368782,NA
BR Curitiba City,2016,3505046,Curitiba,City,BRA,BR Curitiba City:2016:2030:43,Absolute emission reduction,2030,43,percent,CDP cities targets,tCO2e,CDP cities targets,104000000,2015,https://www.theclimategroup.org/media/15446/download,1908359,2017,54.4970836200107,Brazil,Latin America and Caribbean,Medium-term targets (6-15 years),ac046176_8c8da932,BRA.16.95_2,TRUE,BRA_R297514,NA
BR Curitiba City,2016,3505046,Curitiba,City,BRA,BR Curitiba City:NA:2050:Net zero,Net zero,2050,100,percent,NZT,tCO2e,NZT,3505046,2020,CDP cities targets,1908359,2017,1.8366806245575389,Brazil,Latin America and Caribbean,Long-term targets (>15 years),ac046176_8c8da932,BRA.16.95_2,TRUE,BRA_R297514,NA
BR Fortaleza City,2014,5139514,Fortaleza,City,BRA,BR Fortaleza City:2014:2030:30,Absolute emission reduction,2030,30,percent,NZT,tCO2e,NZT,104000000,2015,https://www.theclimategroup.org/media/15446/download,2643247,2018,39.34554735142043,Brazil,Latin America and Caribbean,Medium-term targets (6-15 years),6d4d58df_70a47a1b,BRA.6.59_2,NA,BRA_R302588,NA
BR Fortaleza City,2014,5139514,Fortaleza,City,BRA,BR Fortaleza City:NA:2050:Net zero,Net zero,2050,100,percent,NZT,tCO2e,NZT,4522680,2022,CDP cities targets,2643247,2018,1.7110319239934824,Brazil,Latin America and Caribbean,Long-term targets (>15 years),6d4d58df_70a47a1b,BRA.6.59_2,NA,BRA_R302588,NA
BR Rio de Janeiro City,2017,11342945,Rio de Janeiro,City,BRA,BR Rio de Janeiro City:2017:2024:5,Absolute emission reduction,2024,5,percent,CDP cities targets,tCO2e,CDP cities targets,13638126,2019,CDP cities emissions,6718903,2019,2.0298143908313606,Brazil,Latin America and Caribbean,Short-term targets (within 5 years),351d0564_f8945dea,BRA.19.68_2,TRUE,BRA_R2697338,NA
BR Rio de Janeiro City,2017,11342945,Rio de Janeiro,City,BRA,BR Rio de Janeiro City:2017:2030:20,Absolute emission reduction,2030,20,percent,CDP cities targets,tCO2e,CDP cities targets,13638126,2019,CDP cities emissions,6718903,2019,2.0298143908313606,Brazil,Latin America and Caribbean,Medium-term targets (6-15 years),351d0564_f8945dea,BRA.19.68_2,TRUE,BRA_R2697338,NA
BR Rio de Janeiro City,2017,11342945,Rio de Janeiro,City,BRA,BR Rio de Janeiro City:NA:2050:100,Absolute emission reduction,2050,100,percent,CDP cities targets,tCO2e,CDP cities targets,13638126,2019,CDP cities emissions,6718903,2019,2.0298143908313606,Brazil,Latin America and Caribbean,Long-term targets (>15 years),351d0564_f8945dea,BRA.19.68_2,TRUE,BRA_R2697338,NA
BR São Paulo City,NA,NA,São Paulo,City,BRA,BR São Paulo City:NA:2050:Net zero,Net zero,2050,100,percent,NZT,tCO2e,NZT,15523015,2017,NZT,12000000,2020,1.2935845833333333,Brazil,Latin America and Caribbean,Long-term targets (>15 years),57e7339f_4b238645,BRA.25.565_2,TRUE,BRA_R298285,NA
"CA Montreal, QC City",1990,15653482,"Montreal, QC",City,CAN,"CA Montreal, QC City:1990:2030:55",Absolute emission reduction,2030,55,percent,CDP cities targets,tCO2e,CDP cities targets,11615872,2018,CDP cities emissions,2033189,2018,5.71312947296095,Canada,North America,Medium-term targets (6-15 years),f0e5dfd8_9c2bc9bd,CAN.11.20.14_1,TRUE,CAN_R1571328,NA
"CA Montreal, QC City",1990,15653482,"Montreal, QC",City,CAN,"CA Montreal, QC City:NA:2050:100",Absolute emission reduction,2050,100,percent,CDP cities targets,tCO2e,CDP cities targets,11615872,2018,CDP cities emissions,2033189,2018,5.71312947296095,Canada,North America,Long-term targets (>15 years),f0e5dfd8_9c2bc9bd,CAN.11.20.14_1,TRUE,CAN_R1571328,NA
"CA Vancouver, BC City",2007,2854000,"Vancouver, BC",City,CAN,"CA Vancouver, BC City:2007:2030:50",Absolute emission reduction,2030,50,percent,CDP cities targets,tCO2e,CDP cities targets,2438708,2020,CDP cities emissions,654000,2020,3.7289113149847095,Canada,North America,Medium-term targets (6-15 years),1daaa56b_ba32c4e5,CAN.2.14.34_1,TRUE,CAN_R1852574,NA
"CA Vancouver, BC City",2007,2854000,"Vancouver, BC",City,CAN,"CA Vancouver, BC City:NA:2050:100",Absolute emission reduction,2050,100,percent,CDP cities targets,tCO2e,CDP cities targets,2438708,2020,CDP cities emissions,654000,2020,3.7289113149847095,Canada,North America,Long-term targets (>15 years),1daaa56b_ba32c4e5,CAN.2.14.34_1,TRUE,CAN_R1852574,NA
CN Qingdao City,NA,NA,Qingdao,City,CHN,CN Qingdao City:NA:2060:Carbon neutral(ity),Carbon neutral(ity),2060,100,percent,NZT,tCO2e,NZT,NA,NA,NZT,9400000,NA,NA,China,East Asia and the Pacific,Long-term targets (>15 years),369df26c_304009b5,CHN.23.10_1,TRUE,CHN_R3469133,NA
CZ Brno City,2000,2028290,Brno,City,CZE,CZ Brno City:2000:2030:40,Absolute emission reduction,2030,40,percent,JRC,tCO2e,JRC,2028290,2000,JRC,377973,2017,5.366229862979631,Czech Republic,Europe,Medium-term targets (6-15 years),4750bc0b_cf8727a2,CZE.2.3_1,NA,CZE_R438171,NA
CZ Ostrava City,2000,1401184,Ostrava,City,CZE,CZ Ostrava City:2000:2030:30,Absolute emission reduction,2030,30,percent,JRC,tCO2e,JRC,987406,2020,JRC,284982,2020,3.464801285695237,Czech Republic,Europe,Medium-term targets (6-15 years),a136ef5a_0f4ed600,CZE.7.6_1,NA,CZE_R437354,NA
DK Copenhagen City,2015,1514622,Copenhagen,City,DNK,DK Copenhagen City:NA:2025:100,Absolute emission reduction,2025,100,percent,CDP cities targets,tCO2e,JRC,921942,2020,CDP cities emissions,638117,2020,1.4447852039672977,Denmark,Europe,Short-term targets (within 5 years),66ed8fba_c3d1b01f,DNK.1.25_1,TRUE,DNK_N13707878,NA
EE Tallinn City,2007,3931874,Tallinn,City,EST,EE Tallinn City:2007:2030:40,Absolute emission reduction,2030,40,percent,JRC,tCO2e,JRC,3491625,2015,JRC,418601,2015,8.34117692026536,Estonia,Europe,Medium-term targets (6-15 years),c74387fd_2edefea2,EST.1.20_1,NA,EST_R2164745,NA
ES Bilbao City,2005,1617803,Bilbao,City,ESP,ES Bilbao City:2005:2030:40,Absolute emission reduction,2030,40,percent,EUCoM2022,tCO2e,EUCoM2022,1112052,2009,EUCoM2022,346574,2018,3.2087000178893974,Spain,Europe,Medium-term targets (6-15 years),a1c6483e_4dd80d71,ESP.16.3.1.28_1,NA,ESP_R339549,NA
ES Municipality of L'Hospitalet de Llobregat City,2005,795085,Municipality of L'Hospitalet de Llobregat,City,ESP,ES Municipality of L'Hospitalet de Llobregat City:2005:2030:55,Absolute emission reduction,2030,55,percent,CDP cities targets,tCO2e,CDP cities targets,579282.6704,2012,JRC,261068,2018,2.2188957298481617,Spain,Europe,Medium-term targets (6-15 years),e09536f5_8eeee826,ESP.6.1.11.15_1,NA,ESP_R345401,NA
FI Espoo City,1990,1224000,Espoo,City,FIN,FI Espoo City:1990:2030:100,Absolute emission reduction,2030,100,percent,CDP cities targets,tCO2e,CDP cities targets,816141,2021,CDP cities emissions,292796,2021,2.787404882580363,Finland,Europe,Medium-term targets (6-15 years),b3aecea1_b3194d9e,FIN.4.5.2.1_1,NA,FIN_R36097,NA
FR Paris City,2004,8296259,Paris,City,FRA,FR Paris City:2004:2030:50,Absolute emission reduction,2030,50,percent,CDP cities targets,tCO2e,CDP cities targets,6138344,2020,CDP cities emissions,2175601,2022,2.8214474988750236,France,Europe,Medium-term targets (6-15 years),f36d6f7c_008924b8,FRA.8.3_1,TRUE,FRA_R7444,NA
FR Paris City,2004,8296259,Paris,City,FRA,FR Paris City:2004:2050:100,Absolute emission reduction,2050,100,percent,CDP cities targets,tCO2e,CDP cities targets,6138344,2020,CDP cities emissions,2175601,2022,2.8214474988750236,France,Europe,Long-term targets (>15 years),f36d6f7c_008924b8,FRA.8.3_1,TRUE,FRA_R7444,NA
GB Edinburgh City,2020,2249184,Edinburgh,City,GBR,GB Edinburgh City:NA:2030:100,Absolute emission reduction,2030,100,percent,CDP cities targets,tCO2e,CDP cities emissions,2249184,2020,CDP cities emissions,524930,2019,4.284731297506334,United Kingdom,Europe,Medium-term targets (6-15 years),72fe5eee_402905e8,GBR.3.12.1_1,NA,GBR_R1920901,NA
GR Athens City,2018,2999961,Athens,City,GRC,GR Athens City:2017:2030:40,Absolute emission reduction,2030,40,percent,NZT,tCO2e,CDP cities targets,3029189,2020,CDP cities emissions,640255,2020,4.731222715949114,Greece,Europe,Medium-term targets (6-15 years),ce38f5d7_6ce54eb5,GRC.3.1.12_1,TRUE,GRC_R1370736,NA
HR Zagreb City,2008,2906189,Zagreb,City,HRV,HR Zagreb City:2008:2030:40,Absolute emission reduction,2030,40,percent,NZT,tCO2e,NZT,3034172,2020,CDP cities emissions,808975,2019,3.750637535152508,Croatia,Eastern Europe and Central Asia,Medium-term targets (6-15 years),43eecb57_d5abf1a3,HRV.4.7_1,NA,HRV_R3168167,NA
IN Chennai City,NA,NA,Chennai,City,IND,IN Chennai City:NA:2050:Net zero,Net zero,2050,100,percent,NZT,tCO2e,NZT,14964529,2018,NZT,7700000,2016,1.9434453246753247,India,South Asia,Long-term targets (>15 years),010a2667_5b244b37,IND.31.2_1,TRUE,IND_R7910817,NA
IN Kolkata City,NA,NA,Kolkata,City,IND,IN Kolkata City:NA:2050:Net zero,Net zero,2050,100,percent,NZT,tCO2e,NZT,NA,NA,NZT,4496694,2011,NA,India,South Asia,Long-term targets (>15 years),2875cc64_d8b4265f,IND.36.11_1,TRUE,IND_R9381363,NA
"JP Fukuoka City, FKK City",2013,9070000,"Fukuoka City, FKK",City,JPN,"JP Fukuoka City, FKK City:2013:2030:50",Absolute emission reduction,2030,50,percent,CDP cities targets,tCO2e,CDP cities targets,6434000,2018,NZT,1612392,2020,3.990344779681368,Japan,East Asia and the Pacific,Medium-term targets (6-15 years),5017b5da_33e879b5,JPN.7.11_1,NA,JPN_R4008611,NA
"JP Fukuoka City, FKK City",2013,9070000,"Fukuoka City, FKK",City,JPN,"JP Fukuoka City, FKK City:2013:2040:100",Absolute emission reduction,2040,100,percent,CDP cities targets,tCO2e,CDP cities targets,6434000,2018,NZT,1612392,2020,3.990344779681368,Japan,East Asia and the Pacific,Long-term targets (>15 years),5017b5da_33e879b5,JPN.7.11_1,NA,JPN_R4008611,NA
"JP Hamamatsu, SZO City",2013,5724600,"Hamamatsu, SZO",City,JPN,"JP Hamamatsu, SZO City:2013:2025:24",Absolute emission reduction,2025,24,percent,Japanese data,tCO2e,JPMOE,4667300,2017,NZT,794718,2022,5.872900827714989,Japan,East Asia and the Pacific,Short-term targets (within 5 years),2cecaa4a_4c22e252,JPN.38.9_1,NA,JPN_R4674741,NA
"JP Hamamatsu, SZO City",2013,5724600,"Hamamatsu, SZO",City,JPN,"JP Hamamatsu, SZO City:2013:2030:24",Absolute emission reduction,2030,24,percent,Japanese data,tCO2e,JPMOE,4667300,2017,NZT,794718,2022,5.872900827714989,Japan,East Asia and the Pacific,Medium-term targets (6-15 years),2cecaa4a_4c22e252,JPN.38.9_1,NA,JPN_R4674741,NA
"JP Hamamatsu, SZO City",2013,5724600,"Hamamatsu, SZO",City,JPN,JP Hamamatsu City:NA:2050:Net zero,Net zero,2050,100,percent,NZT,tCO2e,NZT,4667300,2017,NZT,794718,2022,5.872900827714989,Japan,East Asia and the Pacific,Long-term targets (>15 years),2cecaa4a_4c22e252,JPN.38.9_1,NA,JPN_R4674741,NA
"JP Hiroshima, HRS City",NA,NA,"Hiroshima City, HRS",City,JPN,JP Hiroshima City:NA:2050:Net zero,Net zero,2050,100,percent,NZT,tCO2e,NZT,7762000,2018,NZT,1199391,2019,6.471617679305581,Japan,East Asia and the Pacific,Long-term targets (>15 years),18e0944b_f80cde20,JPN.11.9_1,NA,JPN_R4097196,NA
"JP Kobe, HYG City",2013,12392000,"Kobe, HYG",City,JPN,"JP Kobe, HYG City:2013:2030:93",Absolute emission reduction,2030,93,percent,Japanese data,tCO2e,JPMOE,8096000,2018,NZT,1525152,2020,5.308323367113573,Japan,East Asia and the Pacific,Medium-term targets (6-15 years),f1c64a06_2aa2ba8e,JPN.13.22_1,NA,JPN_R900329,NA
"JP Kobe, HYG City",2013,12392000,"Kobe, HYG",City,JPN,JP Kobe City:NA:2050:Net zero,Net zero,2050,100,percent,NZT,tCO2e,NZT,8096000,2018,NZT,1525152,2020,5.308323367113573,Japan,East Asia and the Pacific,Long-term targets (>15 years),f1c64a06_2aa2ba8e,JPN.13.22_1,NA,JPN_R900329,NA
"JP Kyoto City, KYT City",2013,7840000,"Kyoto City, KYT",City,JPN,"JP Kyoto City, KYT City:2013:2030:46",Absolute emission reduction,2030,46,percent,CDP cities targets,tCO2e,CDP cities targets,6310000,2021,CDP cities targets,1463723,2020,4.310924949597704,Japan,East Asia and the Pacific,Medium-term targets (6-15 years),d389def3_d5ddea96,JPN.22.13_1,NA,JPN_R357794,NA
"JP Kyoto City, KYT City",2013,7840000,"Kyoto City, KYT",City,JPN,"JP Kyoto City, KYT City:2013:2050:100",Absolute emission reduction,2050,100,percent,CDP cities targets,tCO2e,CDP cities targets,6310000,2021,CDP cities targets,1463723,2020,4.310924949597704,Japan,East Asia and the Pacific,Long-term targets (>15 years),d389def3_d5ddea96,JPN.22.13_1,NA,JPN_R357794,NA
"JP Nagoya, ACH City",2013,15990000,"Nagoya, ACH",City,JPN,"JP Nagoya, ACH City:2013:2030:27",Absolute emission reduction,2030,27,percent,NZT,tCO2e,JPMOE,14770000,2017,NZT,2332176,2020,6.333141238054075,Japan,East Asia and the Pacific,Medium-term targets (6-15 years),bc1a38de_0ab0e351,JPN.1.36_1,NA,JPN_R4576938,NA
"JP Niigata City, NGT City",2013,7908000,"Niigata City, NGT",City,JPN,"JP Niigata City, NGT City:2013:2024:30",Absolute emission reduction,2024,30,percent,CDP cities targets,tCO2e,CDP cities targets,5576117,2019,CDP cities emissions,789275,2020,7.06485952297995,Japan,East Asia and the Pacific,Short-term targets (within 5 years),c96007cb_71b6eeb1,JPN.29.17_1,NA,JPN_R4237973,NA
"JP Niigata City, NGT City",2013,7908000,"Niigata City, NGT",City,JPN,"JP Niigata City, NGT City:2013:2030:40",Absolute emission reduction,2030,40,percent,CDP cities targets,tCO2e,CDP cities targets,5576117,2019,CDP cities emissions,789275,2020,7.06485952297995,Japan,East Asia and the Pacific,Medium-term targets (6-15 years),c96007cb_71b6eeb1,JPN.29.17_1,NA,JPN_R4237973,NA
"JP Niigata City, NGT City",2013,7908000,"Niigata City, NGT",City,JPN,"JP Niigata City, NGT City:2013:2050:100",Absolute emission reduction,2050,100,percent,CDP cities targets,tCO2e,CDP cities targets,5576117,2019,CDP cities emissions,789275,2020,7.06485952297995,Japan,East Asia and the Pacific,Long-term targets (>15 years),c96007cb_71b6eeb1,JPN.29.17_1,NA,JPN_R4237973,NA
"JP Okayama City, OKY City",2013,8796000,"Okayama City, OKY",City,JPN,"JP Okayama City, OKY City:2013:2025:24",Absolute emission reduction,2025,24,percent,Japanese data,tCO2e,JPMOE,5850000,2018,NZT,724691,2020,8.072406032364139,Japan,East Asia and the Pacific,Short-term targets (within 5 years),4ea866a7_be593cec,JPN.31.18_1,NA,JPN_R3939644,NA
"JP Okayama City, OKY City",2013,8796000,"Okayama City, OKY",City,JPN,"JP Okayama City, OKY City:2013:2030:46",Absolute emission reduction,2030,46,percent,NZT,tCO2e,JPMOE,5850000,2018,NZT,724691,2020,8.072406032364139,Japan,East Asia and the Pacific,Medium-term targets (6-15 years),4ea866a7_be593cec,JPN.31.18_1,NA,JPN_R3939644,NA
"JP Okayama City, OKY City",2013,8796000,"Okayama City, OKY",City,JPN,JP Okayama City:NA:2050:Net zero,Net zero,2050,100,percent,NZT,tCO2e,NZT,5850000,2018,NZT,724691,2020,8.072406032364139,Japan,East Asia and the Pacific,Long-term targets (>15 years),4ea866a7_be593cec,JPN.31.18_1,NA,JPN_R3939644,NA
"JP Saitama City, STM City",2013,77111,"Saitama City, STM",City,JPN,"JP Saitama City, STM City:2013:2030:46",Absolute emission reduction,2030,46,percent,CDP cities targets,tCO2e,CDP cities targets,6624500,2022,External,1324025,2020,5.003304318271936,Japan,East Asia and the Pacific,Medium-term targets (6-15 years),f98eb78a_0630a860,JPN.35.50_1,NA,JPN_R1767047,NA
"JP Saitama City, STM City",2013,77111,"Saitama City, STM",City,JPN,JP Saitama City:NA:2050:Net zero,Net zero,2050,100,percent,CDP cities targets,tCO2e,CDP cities targets,66245,2022,CDP cities targets,1324025,2020,0.05003304318271936,Japan,East Asia and the Pacific,Long-term targets (>15 years),f98eb78a_0630a860,JPN.35.50_1,NA,JPN_R1767047,NA
"JP Sapporo, HKD City",2016,11930000,"Sapporo, HKD",City,JPN,"JP Sapporo, HKD City:2016:2030:60",Absolute emission reduction,2030,60,percent,Japanese data,tCO2e,NZT,11930000,2016,NZT,1973395,2020,6.045419188758459,Japan,East Asia and the Pacific,Medium-term targets (6-15 years),83ab9f08_c4648962,JPN.12.123_1,NA,JPN_R4085749,NA
"JP Sapporo, HKD City",2016,11930000,"Sapporo, HKD",City,JPN,JP Sapporo City:NA:2050:Net zero,Net zero,2050,100,percent,NZT,tCO2e,NZT,11930000,2016,NZT,1973395,2020,6.045419188758459,Japan,East Asia and the Pacific,Long-term targets (>15 years),83ab9f08_c4648962,JPN.12.123_1,NA,JPN_R4085749,NA
"JP Sendai, MYG City",2013,9110000,"Sendai, MYG",City,JPN,"JP Sendai, MYG City:2013:2030:35",Absolute emission reduction,2030,35,percent,NZT,tCO2e,JPMOE,8670000,2018,NZT,1096704,2020,7.905505952380952,Japan,East Asia and the Pacific,Medium-term targets (6-15 years),0b824d42_5f7a6125,JPN.24.22_1,NA,JPN_R4135014,NA
KR Gwangju City,2018,9070000,Gwangju,City,KOR,KR Gwangju City:2018:2030:45,Absolute emission reduction,2030,45,percent,CDP cities targets,tCO2e,CDP cities targets,8838510,2019,CDP cities emissions,1480293,2019,5.9707841623246205,South Korea,East Asia and the Pacific,Medium-term targets (6-15 years),bf08442b_0e50b167,KOR.8.12_2,NA,KOR_R2399220,NA
KR Gwangju City,2018,9070000,Gwangju,City,KOR,KR Gwangju City:2018:2045:100,Absolute emission reduction,2045,100,percent,CDP cities targets,tCO2e,CDP cities targets,8838510,2019,CDP cities emissions,1480293,2019,5.9707841623246205,South Korea,East Asia and the Pacific,Long-term targets (>15 years),bf08442b_0e50b167,KOR.8.12_2,NA,KOR_R2399220,NA
KR Suweon City,NA,NA,Suweon,City,KOR,KR Suweon City:NA:2050:GHG neutral(ity),GHG neutral(ity),2050,100,percent,NZT,tCO2e,NZT,NA,NA,NZT,1289000,NA,NA,South Korea,East Asia and the Pacific,Long-term targets (>15 years),19544128_7f4b8609,KOR.8.24_2,NA,KOR_R2409182,NA
KR Suwon City,2005,5828021,Suwon,City,KOR,KR Suwon City:2005:2030:25,Absolute emission reduction,2030,25,percent,CDP cities targets,tCO2e,CDP cities targets,5510957,2021,CDP cities emissions,1221908,2020,4.510124330145969,South Korea,East Asia and the Pacific,Medium-term targets (6-15 years),19544128_7f4b8609,KOR.8.24_2,NA,KOR_R2409182,NA
NL Amsterdam City,1990,3810000,Amsterdam,City,NLD,NL Amsterdam City:1990:2030:60,Absolute emission reduction,2030,60,percent,CDP cities targets,tCO2e,CDP cities targets,4470264,2015,JRC,822272,2015,5.4364784402241595,Netherlands,Europe,Medium-term targets (6-15 years),895043bf_0b52fcee,NLD.9.4_1,TRUE,NLD_R271110,NA
NL Amsterdam City,2008,4731760,Amsterdam,City,NLD,NL Amsterdam City:2008:2040:75,Absolute emission reduction,2040,75,percent,JRC,tCO2e,JRC,4470264,2015,JRC,822272,2015,5.4364784402241595,Netherlands,Europe,Long-term targets (>15 years),895043bf_0b52fcee,NLD.9.4_1,TRUE,NLD_R271110,NA
NL Amsterdam City,2008,4731760,Amsterdam,City,NLD,NL Amsterdam City:NA:2050:Climate neutral,Climate neutral,2050,100,percent,NZT,tCO2e,NZT,4470264,2015,JRC,822272,2015,5.4364784402241595,Netherlands,Europe,Long-term targets (>15 years),895043bf_0b52fcee,NLD.9.4_1,TRUE,NLD_R271110,NA
PT Lisbon City,2002,4084586,Lisbon,City,PRT,PT Lisbon City:2002:2030:70,Absolute emission reduction,2030,70,percent,CDP cities targets,tCO2e,CDP cities targets,2287948,2019,CDP cities emissions,509515,2019,4.490442872143117,Portugal,Europe,Medium-term targets (6-15 years),9faa39ee_bb7cb937,PRT.12.7_1,TRUE,PRT_R5400890,NA
PT Lisbon City,2002,4084586,Lisbon,City,PRT,PT Lisbon City:NA:2050:Net zero,Net zero,2050,100,percent,NZT,tCO2e,NZT,2287948,2019,CDP cities emissions,509515,2019,4.490442872143117,Portugal,Europe,Long-term targets (>15 years),9faa39ee_bb7cb937,PRT.12.7_1,TRUE,PRT_R5400890,NA
PT Porto City,2004,1304300,Porto,City,PRT,PT Porto City:2004:2030:100,Absolute emission reduction,2030,100,percent,CDP cities targets,tCO2e,CDP cities emissions,557535,2022,CDP cities targets,216887,2020,2.5706243343307804,Portugal,Europe,Medium-term targets (6-15 years),de1d1438_4522574b,PRT.15.12_1,NA,PRT_R3372453,NA
SE Gothenburg City,1990,1802784,Gothenburg,City,SWE,SE Gothenburg City:1990:2050:80,Absolute emission reduction,2050,80,percent,JRC,tCO2e,JRC,2738207,2019,CDP cities emissions,579281,2019,4.726906285550536,Sweden,Europe,Long-term targets (>15 years),b0c8e3f1_1954fca0,SWE.21.11_1,NA,SWE_R935611,NA
SE Stockholm City,1990,3669000,Stockholm,City,SWE,SE Stockholm City:NA:2030:100,Absolute emission reduction,2030,100,percent,CDP cities targets,tCO2e,CDP cities targets,1555336,2020,CDP cities emissions,1024000,2023,1.5188828125,Sweden,Europe,Medium-term targets (6-15 years),def05e8b_acdb5c55,SWE.15.18_1,TRUE,SWE_R398021,NA
"US Baltimore, MD City",2007,8570441,"Baltimore, MD",City,USA,"US Baltimore, MD City:2007:2025:30",Absolute emission reduction,2025,30,percent,CDP cities targets,tCO2e,CDP cities targets,6759180,2020,CDP cities emissions,585708,2020,11.54018726054621,United States of America,North America,Short-term targets (within 5 years),1689f6fa_804e0079,USA.21.3_1,NA,USA_R133345,NA
"US Baltimore, MD City",2007,8570441,"Baltimore, MD",City,USA,"US Baltimore, MD City:2007:2030:60",Absolute emission reduction,2030,60,percent,CDP cities targets,tCO2e,CDP cities targets,6759180,2020,CDP cities emissions,585708,2020,11.54018726054621,United States of America,North America,Medium-term targets (6-15 years),1689f6fa_804e0079,USA.21.3_1,NA,USA_R133345,NA
"US Baltimore, MD City",2007,8570441,"Baltimore, MD",City,USA,"US Baltimore, MD City:2007:2045:100",Absolute emission reduction,2045,100,percent,CDP cities targets,tCO2e,CDP cities targets,6759180,2020,CDP cities emissions,585708,2020,11.54018726054621,United States of America,North America,Long-term targets (>15 years),1689f6fa_804e0079,USA.21.3_1,NA,USA_R133345,NA
"US Denver, CO City",2019,13250423,"Denver, CO",City,USA,"US Denver, CO City:2019:2025:40",Absolute emission reduction,2025,40,percent,NZT,tCO2e,NZT,9096543,2021,CDP cities emissions,715787,2020,12.708449580671346,United States of America,North America,Short-term targets (within 5 years),2cb9c3d7_b791d7a5,USA.6.17_1,NA,USA_R1411339,NA
"US Denver, CO City",2019,13250423,"Denver, CO",City,USA,"US Denver, CO City:2019:2030:65",Absolute emission reduction,2030,65,percent,CDP cities targets,tCO2e,CDP cities targets,9096543,2021,CDP cities emissions,715787,2020,12.708449580671346,United States of America,North America,Medium-term targets (6-15 years),2cb9c3d7_b791d7a5,USA.6.17_1,NA,USA_R1411339,NA
"US Denver, CO City",2019,13250423,"Denver, CO",City,USA,"US Denver, CO City:NA:2040:Zero emissions",Zero emissions,2040,100,percent,NZT,tCO2e,NZT,9096543,2021,CDP cities emissions,715787,2020,12.708449580671346,United States of America,North America,Long-term targets (>15 years),2cb9c3d7_b791d7a5,USA.6.17_1,NA,USA_R1411339,NA
"US Honolulu, HI City",2005,18700000,"Honolulu, HI",City,USA,"US Honolulu, HI City:2005:2025:45",Absolute emission reduction,2025,45,percent,CDP cities targets,tCO2e,CDP cities targets,12261996,2020,CDP cities emissions,1016410,2020,12.064025344103266,United States of America,North America,Short-term targets (within 5 years),6a32e1a1_fa3da2ee,USA.12.2_1,NA,USA_R119231,NA
"US Honolulu, HI City",2005,18700000,"Honolulu, HI",City,USA,"US Honolulu, HI City:2005:2045:100",Absolute emission reduction,2045,100,percent,CDP cities targets,tCO2e,CDP cities targets,12261996,2020,CDP cities emissions,1016410,2020,12.064025344103266,United States of America,North America,Long-term targets (>15 years),6a32e1a1_fa3da2ee,USA.12.2_1,NA,USA_R119231,NA
"US Los Angeles, CA City",1990,32775188,"Los Angeles, CA",City,USA,"US Los Angeles, CA City:1990:2025:50",Absolute emission reduction,2025,50,percent,CDP cities targets,tCO2e,CDP cities targets,41076595,2020,CDP cities emissions,3898747,2020,10.535845234379147,United States of America,North America,Short-term targets (within 5 years),9ce37641_3bef07b2,USA.5.19_1,TRUE,USA_R207359,NA
"US Los Angeles, CA City",1990,32775188,"Los Angeles, CA",City,USA,"US Los Angeles, CA City:1990:2035:73",Absolute emission reduction,2035,73,percent,CDP cities targets,tCO2e,CDP cities targets,41076595,2020,CDP cities emissions,3898747,2020,10.535845234379147,United States of America,North America,Medium-term targets (6-15 years),9ce37641_3bef07b2,USA.5.19_1,TRUE,USA_R207359,NA
"US Los Angeles, CA City",1990,32775188,"Los Angeles, CA",City,USA,"US Los Angeles, CA City:1990:2050:100",Absolute emission reduction,2050,100,percent,CDP cities targets,tCO2e,CDP cities targets,41076595,2020,CDP cities emissions,3898747,2020,10.535845234379147,United States of America,North America,Long-term targets (>15 years),9ce37641_3bef07b2,USA.5.19_1,TRUE,USA_R207359,NA
"US Milwaukee, WI City",NA,NA,"Milwaukee, WI",City,USA,"US Milwaukee, WI City:NA:2050:Carbon neutral(ity)",Carbon neutral(ity),2050,100,percent,NZT,tCO2e,NZT,8496626,2018,CDP cities emissions,592025,2018,14.351802711034162,United States of America,North America,Long-term targets (>15 years),a0183b8b_d8af7dd0,USA.50.43_1,NA,USA_R251075,NA
"US New York, NY City",2005,61062452,"New York, NY",City,USA,"US New York, NY City:2005:2030:40",Absolute emission reduction,2030,40,percent,CDP cities targets,tCO2e,CDP cities targets,61062452,2014,CDP cities targets,8804190,2020,6.935612702588199,United States of America,North America,Medium-term targets (6-15 years),2d56f75d_93712a1c,USA.33.32_1,TRUE,USA_R175905,NA
"US New York, NY City",2005,61062452,"New York, NY",City,USA,"US New York, NY City:2005:2050:80",Absolute emission reduction,2050,80,percent,CDP cities targets,tCO2e,CDP cities targets,61062452,2014,CDP cities targets,8804190,2020,6.935612702588199,United States of America,North America,Long-term targets (>15 years),2d56f75d_93712a1c,USA.33.32_1,TRUE,USA_R175905,NA
"US Philadelphia, PA City",2006,21000000,"Philadelphia, PA",City,USA,"US Philadelphia, PA City:2006:2025:50",Absolute emission reduction,2025,50,percent,NZT,tCO2e,CDP cities targets,20363453,2019,CDP cities emissions,1584064,2019,12.855195875924204,United States of America,North America,Short-term targets (within 5 years),0c77488d_52671e61,USA.39.51_1,TRUE,USA_R188022,NA
"US Philadelphia, PA City",2006,21000000,"Philadelphia, PA",City,USA,"US Philadelphia, PA City:2006:2050:100",Absolute emission reduction,2050,100,percent,CDP cities targets,tCO2e,CDP cities targets,20363453,2019,CDP cities emissions,1584064,2019,12.855195875924204,United States of America,North America,Long-term targets (>15 years),0c77488d_52671e61,USA.39.51_1,TRUE,USA_R188022,NA
"US Salt Lake City, UT City",2009,4943904,"Salt Lake City, UT",City,USA,"US Salt Lake City, UT City:2009:2030:50",Absolute emission reduction,2030,50,percent,NZT,tCO2e,CDP cities targets,4769171,2015,NZT,200591,2015,23.775598107592064,United States of America,North America,Medium-term targets (6-15 years),cd5953d6_23e6ebaf,USA.45.18_1,NA,USA_R198770,NA
"US Salt Lake, UT City",2009,4943904,"Salt Lake, UT",City,USA,"US Salt Lake, UT City:2009:2040:80",Absolute emission reduction,2040,80,percent,CDP cities targets,tCO2e,CDP cities targets,4769171,2015,NZT,200133,2020,23.830008044650302,United States of America,North America,Long-term targets (>15 years),cd5953d6_23e6ebaf,USA.45.18_1,NA,USA_R198770,NA
"US San Francisco, CA City",1990,7872144,"San Francisco, CA",City,USA,"US San Francisco, CA City:1990:2030:61",Absolute emission reduction,2030,61,percent,CDP cities targets,tCO2e,CDP cities targets,4640675,2021,CDP cities targets,881549,2019,5.264228080344938,United States of America,North America,Medium-term targets (6-15 years),ea33571c_ad12d9e1,USA.5.38_1,TRUE,USA_R111968,NA
"US San Francisco, CA City",1990,7872144,"San Francisco, CA",City,USA,"US San Francisco, CA City:1990:2040:90",Absolute emission reduction,2040,90,percent,CDP cities targets,tCO2e,CDP cities targets,4640675,2021,CDP cities targets,881549,2019,5.264228080344938,United States of America,North America,Long-term targets (>15 years),ea33571c_ad12d9e1,USA.5.38_1,TRUE,USA_R111968,NA
"US San Francisco, CA City",1990,7872144,"San Francisco, CA",City,USA,"US San Francisco, CA City:NA:2040:Net zero",Net zero,2040,100,percent,NZT,tCO2e,NZT,4640675,2021,CDP cities targets,881549,2019,5.264228080344938,United States of America,North America,Long-term targets (>15 years),ea33571c_ad12d9e1,USA.5.38_1,TRUE,USA_R111968,NA
NA,NA,NA,Espoo,City,FIN,NA,Climate neutral,2030,100,percent,NA,NA,NA,NA,NA,NA,NA,NA,NA,NA,NA,NA,b3aecea1_b3194d9e,NA,NA,FIN_R36097,Espoo
NA,NA,NA,Helsinki,City,FIN,NA,Climate neutral,2030,100,percent,NA,NA,NA,NA,NA,NA,NA,NA,NA,NA,NA,NA,c209cfad_785e62d8,NA,NA,FIN_R34914,Helsinki
NA,NA,NA,Vilnius,City,LTU,NA,Climate neutral,2030,100,percent,NA,NA,NA,NA,NA,NA,NA,NA,NA,NA,NA,NA,773c6da9_79a252b6,NA,NA,LTU_R1529146,Vilnius
NA,NA,NA,Warsaw,City,POL,NA,Climate neutral,2030,100,percent,NA,NA,NA,NA,NA,NA,NA,NA,NA,NA,NA,NA,27472b12_84b85538,NA,NA,POL_R336075,Warsaw
NA,NA,NA,Bratislava,City,SVK,NA,Climate neutral,2030,100,percent,NA,NA,NA,NA,NA,NA,NA,NA,NA,NA,NA,NA,617556cd_0bd6089b,NA,NA,SVK_R388265,Bratislava
NA,NA,NA,Budapest,City,HUN,NA,Climate neutral,2030,100,percent,NA,NA,NA,NA,NA,NA,NA,NA,NA,NA,NA,NA,a01bd10f_539eb2b1,NA,NA,HUN_R37244,Budapest
NA,NA,NA,Copenhagen,City,DNK,NA,Climate neutral,2030,100,percent,NA,NA,NA,NA,NA,NA,NA,NA,NA,NA,NA,NA,66ed8fba_c3d1b01f,NA,NA,DNK_N13707878,Copenhagen
NA,NA,NA,Amsterdam,City,NLD,NA,Climate neutral,2030,100,percent,NA,NA,NA,NA,NA,NA,NA,NA,NA,NA,NA,NA,895043bf_0b52fcee,NA,NA,NLD_R271110,Amsterdam
NA,NA,NA,Marseille,City,FRA,NA,Climate neutral,2030,100,percent,NA,NA,NA,NA,NA,NA,NA,NA,NA,NA,NA,NA,f5c33e61_7a2c1a57,NA,NA,FRA_R76469,Marseille
NA,NA,NA,Paris,City,FRA,NA,Climate neutral,2030,100,percent,NA,NA,NA,NA,NA,NA,NA,NA,NA,NA,NA,NA,f36d6f7c_008924b8,NA,NA,FRA_R7444,Paris
NA,NA,NA,Bucharest,City,ROU,NA,Climate neutral,2030,100,percent,NA,NA,NA,NA,NA,NA,NA,NA,NA,NA,NA,NA,de5a4730_511346cf,NA,NA,ROU_R377733,Bucharest
NA,NA,NA,Athens,City,GRC,NA,Climate neutral,2030,100,percent,NA,NA,NA,NA,NA,NA,NA,NA,NA,NA,NA,NA,ce38f5d7_6ce54eb5,NA,NA,GRC_R1370736,Athens
NA,NA,NA,Zagreb,City,HRV,NA,Climate neutral,2030,100,percent,NA,NA,NA,NA,NA,NA,NA,NA,NA,NA,NA,NA,43eecb57_d5abf1a3,NA,NA,HRV_R3168167,Zagreb
NA,NA,NA,Munich,City,DEU,NA,Climate neutral,2030,100,percent,NA,NA,NA,NA,NA,NA,NA,NA,NA,NA,NA,NA,ea17b191_d0099ea1,NA,NA,DEU_R62428,Munich
NA,NA,NA,Bologna,City,ITA,NA,Climate neutral,2030,100,percent,NA,NA,NA,NA,NA,NA,NA,NA,NA,NA,NA,NA,00145f30_cc6385f6,NA,NA,ITA_R43172,Bologna
NA,NA,NA,Florence,City,ITA,NA,Climate neutral,2030,100,percent,NA,NA,NA,NA,NA,NA,NA,NA,NA,NA,NA,NA,7085adca_e3e60138,NA,NA,ITA_R42602,Florence
NA,NA,NA,Milan,City,ITA,NA,Climate neutral,2030,100,percent,NA,NA,NA,NA,NA,NA,NA,NA,NA,NA,NA,NA,a4e4b210_8dc32a1c,NA,NA,ITA_R44915,Milan
NA,NA,NA,Gothenburg,City,SWE,NA,Climate neutral,2030,100,percent,NA,NA,NA,NA,NA,NA,NA,NA,NA,NA,NA,NA,b0c8e3f1_1954fca0,NA,NA,SWE_R935611,Gothenburg
NA,NA,NA,Stockholm,City,SWE,NA,Climate neutral,2030,100,percent,NA,NA,NA,NA,NA,NA,NA,NA,NA,NA,NA,NA,def05e8b_acdb5c55,NA,NA,SWE_R398021,Stockholm
NA,NA,NA,Dublin,City,IRL,NA,Climate neutral,2030,100,percent,NA,NA,NA,NA,NA,NA,NA,NA,NA,NA,NA,NA,d759e836_0d41eba6,NA,NA,IRL_R1109531,Dublin
NA,NA,NA,Barcelona,City,ESP,NA,Climate neutral,2030,100,percent,NA,NA,NA,NA,NA,NA,NA,NA,NA,NA,NA,NA,5fd3cb8e_7c5128a1,NA,NA,ESP_R347950,Barcelona
NA,NA,NA,Madrid,City,ESP,NA,Climate neutral,2030,100,percent,NA,NA,NA,NA,NA,NA,NA,NA,NA,NA,NA,NA,c4ad85ac_3f53a24d,NA,NA,ESP_R5326784,Madrid
NA,NA,NA,Seville,City,ESP,NA,Climate neutral,2030,100,percent,NA,NA,NA,NA,NA,NA,NA,NA,NA,NA,NA,NA,fdbb704d_a07e607e,NA,NA,ESP_R342563,Seville
NA,NA,NA,Valencia,City,ESP,NA,Climate neutral,2030,100,percent,NA,NA,NA,NA,NA,NA,NA,NA,NA,NA,NA,NA,b5901dc1_f3050941,NA,NA,ESP_R344953,Valencia
NA,NA,NA,Lisbon,City,PRT,NA,Climate neutral,2030,100,percent,NA,NA,NA,NA,NA,NA,NA,NA,NA,NA,NA,NA,9faa39ee_bb7cb937,NA,NA,PRT_R5400890,Lisbon
NA,NA,NA,Porto,City,PRT,NA,Climate neutral,2030,100,percent,NA,NA,NA,NA,NA,NA,NA,NA,NA,NA,NA,NA,de1d1438_4522574b,NA,NA,PRT_R3372453,Porto
NA,NA,NA,Oslo,City,NOR,NA,Absolute emission reduction,2030,95,percent,NA,NA,NA,NA,NA,NA,NA,NA,NA,NA,NA,NA,f5582b76_aba15549,NA,NA,NOR_R406091,Oslo
NA,NA,NA,Bergen,City,NOR,NA,Absolute emission reduction,2030,85,percent,NA,NA,NA,NA,NA,NA,NA,NA,NA,NA,NA,NA,6cbd7a2d_bba38021,NA,NA,NOR_R404159,Bergen
NA,NA,NA,Helsinki,City,FIN,NA,Absolute emission reduction,2035,80,percent,NA,NA,NA,NA,NA,NA,NA,NA,NA,NA,NA,NA,c209cfad_785e62d8,NA,NA,FIN_R34914,Helsinki
NA,NA,NA,Reykjavik,City,ISL,NA,Carbon Neutral(ity),2040,100,percent,NA,NA,NA,NA,NA,NA,NA,NA,NA,NA,NA,NA,d20ec416_4cc7f046,NA,NA,ISL_R2580605,Reykjavik
