actor_uid,baseline_year,baseline_value,name,entity_type,iso,target_id_update,target_type,target_year,target_value,target_unit,Datasource_targets,baseline_unit,Datasource_baseline,total_emissions,emiss_year,Datasource_inventory,population,population_year,epc,country,region,target_term,climactor_id,GDAM_id
AR Jujuy Region,2010,2800000,Jujuy,Region,ARG,AR Jujuy Region:2010:2050:100,Absolute emission reduction,2050,100,percent,CDP states regions,tCO2e,CDP states regions,2819706,2014,CDP states regions,727780,2014,3.87439336063096,Argentina,Latin America and Caribbean,Long-term targets (>15 years),dcd76f87_5449891e,ARG.10_1
AT Lower Austria Region,2005,12954000,Lower Austria,Region,AUT,AT Lower Austria Region:2005:2030:36,Absolute emission reduction,2030,36,percent,CDP states regions,tCO2e,GCA2022,16138000,2020,CDP states regions,1698796,NA,9.49966917746451,Austria,Europe,Medium-term targets (6-15 years),a3f69fc0_5e6b4705,AUT.3_1
AU Australian Capital Territory Region,1990,3196800,Australian Capital Territory,Region,AUS,AU Australian Capital Territory Region:1990:2025:60,Absolute emission reduction,2025,60,percent,NZT,tCO2e,NZT,1669505,NA,GCoM,436635,2016,3.823571175008875,Australia,East Asia and the Pacific,Short-term targets (within 5 years),c3baa1fe_b6b5080d,AUS.2_1
AU Australian Capital Territory Region,1990,3196800,Australian Capital Territory,Region,AUS,AU Australian Capital Territory Region:NA:2045:Net zero,Net zero,2045,100,percent,NZT,tCO2e,NZT,1669505,NA,GCoM,436635,2016,3.823571175008875,Australia,East Asia and the Pacific,Long-term targets (>15 years),c3baa1fe_b6b5080d,AUS.2_1
AU New South Wales Region,2005,165300000,New South Wales,Region,AUS,AU New South Wales Region:2005:2030:50,Absolute emission reduction,2030,50,percent,CDP states regions,tCO2e,CDP states regions,186496687,2019,CDP States and Regions,8094317,2019,23.040447637521485,Australia,East Asia and the Pacific,Medium-term targets (6-15 years),1c4ca554_5cc4f400,AUS.5_1
AU New South Wales Region,2005,165300000,New South Wales,Region,AUS,AU New South Wales Region:NA:2050:Net zero,Net zero,2050,100,percent,NZT,tCO2e,NZT,372993375,2019,CDP states regions,8094317,2019,46.08089539858644,Australia,East Asia and the Pacific,Long-term targets (>15 years),1c4ca554_5cc4f400,AUS.5_1
AU Northern Territory Region,NA,NA,Northern Territory,Region,AUS,AU Northern Territory Region:NA:2050:Net zero,Net zero,2050,100,percent,NZT,tCO2e,NZT,NA,NA,NZT,246726,NA,NA,Australia,East Asia and the Pacific,Long-term targets (>15 years),173eae4b_9ba6990e,AUS.6_1
AU Queensland Region,2005,190619000,Queensland,Region,AUS,AU Queensland Region:2005:2030:30,Absolute emission reduction,2030,30,percent,NZT,tCO2e,NZT,NA,NA,NZT,5174733,2016,NA,Australia,East Asia and the Pacific,Medium-term targets (6-15 years),bdc8ab33_4252bd37,AUS.7_1
AU Queensland Region,2005,190619000,Queensland,Region,AUS,AU Queensland Region:NA:2050:Net zero,Net zero,2050,100,percent,NZT,tCO2e,NZT,NA,NA,NZT,5174733,2016,NA,Australia,East Asia and the Pacific,Long-term targets (>15 years),bdc8ab33_4252bd37,AUS.7_1
AU South Australia Region,2005,25376000,South Australia,Region,AUS,AU South Australia Region:NA:2050:100,Absolute emission reduction,2050,100,tCO2e,NZT,tCO2e,CDP states regions,25376000,2020,CDP states regions,1769319,2019,14.342241280402234,Australia,East Asia and the Pacific,Long-term targets (>15 years),88f0acf4_54bc0767,AUS.8_1
AU South Australia Region,2005,36834000,South Australia,Region,AUS,AU South Australia Region:2005:2030:50,Absolute emission reduction,2030,50,percent,CDP states regions,tCO2e,CDP states regions,25376000,2020,CDP states regions,1769319,2019,14.342241280402234,Australia,East Asia and the Pacific,Medium-term targets (6-15 years),88f0acf4_54bc0767,AUS.8_1
AU Tasmania Region,NA,NA,Tasmania,Region,AUS,AU Tasmania Region:NA:2030:Net zero,Net zero,2030,100,percent,NZT,tCO2e,NZT,NA,NA,NZT,541965,2021,NA,Australia,East Asia and the Pacific,Medium-term targets (6-15 years),c8aef0cc_e67b1bc8,AUS.9_1
AU Victoria Region,2005,118586216,Victoria,Region,AUS,AU Victoria Region:2005:2025:33,Absolute emission reduction,2025,33,percent,CDP states regions,tCO2e,CDP states regions,83273000,2020,CDP states regions,6693858,2020,12.440210115003934,Australia,East Asia and the Pacific,Short-term targets (within 5 years),fe5d7168_7cb80395,AUS.10_1
AU Victoria Region,2005,118586216,Victoria,Region,AUS,AU Victoria Region:2005:2030:50,Absolute emission reduction,2030,50,percent,CDP states regions,tCO2e,CDP states regions,83273000,2020,CDP states regions,6693858,2020,12.440210115003934,Australia,East Asia and the Pacific,Medium-term targets (6-15 years),fe5d7168_7cb80395,AUS.10_1
AU Victoria Region,2005,118586216,Victoria,Region,AUS,AU Victoria Region:2005:2035:75,Absolute emission reduction,2035,75,percent,CDP states regions,tCO2e,CDP states regions,83273000,2020,CDP states regions,6693858,2020,12.440210115003934,Australia,East Asia and the Pacific,Medium-term targets (6-15 years),fe5d7168_7cb80395,AUS.10_1
AU Victoria Region,2005,118586216,Victoria,Region,AUS,AU Victoria Region:NA:2045:Net zero,Net zero,2045,100,percent,NZT,tCO2e,NZT,83273000,2020,CDP states regions,6693858,2020,12.440210115003934,Australia,East Asia and the Pacific,Long-term targets (>15 years),fe5d7168_7cb80395,AUS.10_1
AU Western Australia Region,NA,NA,Western Australia,Region,AUS,AU Western Australia Region:NA:2050:Net zero,Net zero,2050,100,percent,NZT,tCO2e,NZT,NA,NA,NZT,2685200,2021,NA,Australia,East Asia and the Pacific,Long-term targets (>15 years),35d300f0_c0b2caa2,AUS.11_1
"BR Amazonas, Brazil Region",NA,NA,Amazonas,Region,BRA,"BR Amazonas, Brazil Region:NA:2050:Net zero",Net zero,2050,100,percent,NZT,tCO2e,NZT,NA,NA,NZT,3483985,NA,NA,Brazil,Latin America and Caribbean,Long-term targets (>15 years),128d23fb_3f4ad037,BRA.4_1
BR Ceará Region,NA,NA,Ceará,Region,BRA,BR Ceará Region:NA:2050:Net zero,Net zero,2050,100,percent,NZT,tCO2e,NZT,NA,NA,NZT,9260102,NA,NA,Brazil,Latin America and Caribbean,Long-term targets (>15 years),cfc915bc_bfed8117,BRA.6_1
BR Espírito Santo Region,NA,NA,Espírito Santo,Region,BRA,BR Espírito Santo Region:NA:2050:Net zero,Net zero,2050,100,percent,NZT,tCO2e,NZT,NA,NA,NZT,4124436,NA,NA,Brazil,Latin America and Caribbean,Long-term targets (>15 years),fa17a217_3cf0b09b,BRA.8_1
BR Maranhão Region,NA,NA,Maranhão,Region,BRA,BR Maranhão Region:NA:2050:Net zero,Net zero,2050,100,percent,NZT,tCO2e,NZT,NA,NA,NZT,7114598,NA,NA,Brazil,Latin America and Caribbean,Long-term targets (>15 years),d2b92288_b988aaf6,BRA.10_1
BR Mato Grosso do Sul Region,NA,NA,Mato Grosso do Sul,Region,BRA,BR Mato Grosso do Sul Region:NA:2030:Net zero,Net zero,2030,100,percent,NZT,tCO2e,NZT,NA,NA,NZT,2809394,NA,NA,Brazil,Latin America and Caribbean,Medium-term targets (6-15 years),1ec4577a_e50f4f41,BRA.11_1
BR Mato Grosso Region,NA,NA,Mato Grosso,Region,BRA,BR Mato Grosso Region:NA:2050:Net zero,Net zero,2050,100,percent,NZT,tCO2e,NZT,NA,NA,NZT,3484466,2019,NA,Brazil,Latin America and Caribbean,Long-term targets (>15 years),312d2809_3f45289d,BRA.12_1
BR Pará Region,NA,NA,Pará,Region,BRA,BR Pará Region:NA:2050:Net zero,Net zero,2050,100,percent,NZT,tCO2e,NZT,NA,NA,NZT,8690745,2020,NA,Brazil,Latin America and Caribbean,Long-term targets (>15 years),25d9c8dd_8ee2a618,BRA.14_1
BR Pernambuco Region,2015,19300001,Pernambuco,Region,BRA,BR Pernambuco Region:2015:2050:100,Absolute emission reduction,2050,100,percent,CDP states regions,tCO2e,CDP states regions,17770397,2020,CDP states regions,9616621,2020,1.8478836797249265,Brazil,Latin America and Caribbean,Long-term targets (>15 years),ca921bcc_8e7ddef2,BRA.17_1
CA British Columbia Region,2007,65671262,British Columbia,Region,CAN,CA British Columbia Region:2007:2025:16,Absolute emission reduction,2025,16,percent,CDP states regions,tCO2e,CDP states regions,68628541,2019,CDP states regions,5094796,2019,13.470321677256557,Canada,North America,Short-term targets (within 5 years),6c2c4bb2_2a0081c6,CAN.2_1
CA British Columbia Region,2007,65671262,British Columbia,Region,CAN,CA British Columbia Region:2007:2030:40,Absolute emission reduction,2030,40,percent,CDP states regions,tCO2e,CDP states regions,68628541,2019,CDP states regions,5094796,2019,13.470321677256557,Canada,North America,Medium-term targets (6-15 years),6c2c4bb2_2a0081c6,CAN.2_1
CA British Columbia Region,2007,65671262,British Columbia,Region,CAN,CA British Columbia Region:2007:2040:60,Absolute emission reduction,2040,60,percent,CDP states regions,tCO2e,CDP states regions,68628541,2019,CDP states regions,5094796,2019,13.470321677256557,Canada,North America,Long-term targets (>15 years),6c2c4bb2_2a0081c6,CAN.2_1
CA British Columbia Region,2007,65671262,British Columbia,Region,CAN,CA British Columbia Region:2007:2050:80,Absolute emission reduction,2050,80,percent,CDP states regions,tCO2e,CDP states regions,68628541,2019,CDP states regions,5094796,2019,13.470321677256557,Canada,North America,Long-term targets (>15 years),6c2c4bb2_2a0081c6,CAN.2_1
CA Manitoba Region,NA,NA,Manitoba,Region,CAN,CA Manitoba Region:NA:2080:Carbon neutral(ity),Carbon neutral(ity),2080,100,percent,NZT,tCO2e,NZT,NA,NA,NZT,1342153,2021,NA,Canada,North America,Long-term targets (>15 years),f7f4e154_b60b2938,CAN.3_1
CA Newfoundland and Labrador Region,NA,NA,Newfoundland and Labrador,Region,CAN,CA Newfoundland and Labrador Region:NA:2050:Net zero,Net zero,2050,100,percent,NZT,tCO2e,NZT,11009469,2018,NZT,521542,2017,21.1094581069214,Canada,North America,Long-term targets (>15 years),cb632fd1_8f6f5754,CAN.5_1
CA Northwest Territories Region,2005,1586000,Northwest Territories,Region,CAN,CA Northwest Territories Region:2005:2030:50,Absolute emission reduction,2030,50,percent,NZT,tCO2e,NZT,1230000,2018,NZT,44904,2020,27.391769107429184,Canada,North America,Medium-term targets (6-15 years),8f8d9757_feb310b9,CAN.6_1
CA Northwest Territories Region,2005,1586000,Northwest Territories,Region,CAN,CA Northwest Territories Region:NA:2050:Net zero,Net zero,2050,100,percent,NZT,tCO2e,NZT,1230000,2018,NZT,44904,2020,27.391769107429184,Canada,North America,Long-term targets (>15 years),8f8d9757_feb310b9,CAN.6_1
CA Nova Scotia Region,NA,NA,Nova Scotia,Region,CAN,CA Nova Scotia Region:NA:2050:Net zero,Net zero,2050,100,percent,NZT,tCO2e,NZT,NA,NA,NZT,969383,2021,NA,Canada,North America,Long-term targets (>15 years),bb67b545_ce2be398,CAN.7_1
CA Prince Edward Island Region,2005,1899136,Prince Edward Island,Region,CAN,CA Prince Edward Island Region:2005:2030:40,Absolute emission reduction,2030,40,percent,CDP states regions,tCO2e,CDP states regions,1756000,2020,CDP states regions,161329,2020,10.884589875347892,Canada,North America,Medium-term targets (6-15 years),93408247_a9ffe2b4,CAN.10_1
CA Prince Edward Island Region,2005,1899136,Prince Edward Island,Region,CAN,CA Prince Edward Island Region:NA:2040:Net zero,Net zero,2040,100,percent,NZT,tCO2e,NZT,1756,2020,CDP states regions,161329,2020,0.01088458987534789,Canada,North America,Long-term targets (>15 years),93408247_a9ffe2b4,CAN.10_1
CA Quebec Region,1990,1150600,Quebec,Region,CAN,CA Quebec Region:1990:2030:38,Absolute emission reduction,2030,38,percent,NZT,tCO2e,NZT,84318490,2019,NZT,8501833,2019,9.91768363363524,Canada,North America,Medium-term targets (6-15 years),6f76b891_9f27988c,CAN.11_1
CA Quebec Region,1990,86654505,Quebec,Region,CAN,CA Quebec Region:1990:2050:100,Absolute emission reduction,2050,100,percent,NZT,tCO2e,NZT,84318490,2019,NZT,8501833,2019,9.91768363363524,Canada,North America,Long-term targets (>15 years),6f76b891_9f27988c,CAN.11_1
CA Yukon Region,NA,592000,Yukon,Region,CAN,CA Yukon Region:NA:2050:Net zero,Net zero,2050,100,percent,NZT,tCO2e,https://open.yukon.ca/sites/default/files/greenhouse-gas-emissions-yukon_0.pdf,592,2010,CDP states regions,42000,2019,0.01409523809523809,Canada,North America,Long-term targets (>15 years),c6b06285_bb3581ca,CAN.13_1
CN Anhui Region,2005,149484000,Anhui,Region,CHN,CN Anhui Region:2005:2030:80,Absolute emission reduction,2030,80,percent,NZT,tCO2e,CCNT,344191000,2020,CCNT,61000000,2020,5.642475409836066,China,East Asia and the Pacific,Medium-term targets (6-15 years),91d945b2_2b4fadb2,CHN.1_1
CN Anhui Region,2005,149484000,Anhui,Region,CHN,CN Anhui Region:NA:2060:Net zero,Net zero,2060,100,percent,NZT,tCO2e,NZT,344191000,2020,CCNT,61000000,2020,5.642475409836066,China,East Asia and the Pacific,Long-term targets (>15 years),91d945b2_2b4fadb2,CHN.1_1
CN Fujian Region,2005,12007100,Fujian,Region,CHN,CN Fujian Region:NA:2060:100,Absolute emission reduction,2060,100,percent,CCNT,tCO2e,CCNT,120071000,2020,CCNT,41600000,2020,2.8863221153846155,China,East Asia and the Pacific,Long-term targets (>15 years),f9f06adc_539741ad,CHN.4_1
CN Gansu Region,NA,NA,Gansu,Region,CHN,CN Gansu Region:NA:2060:100,Absolute emission reduction,2060,100,percent,CCNT,tCO2e,CCNT,137537000,2020,CCNT,25000000,2020,5.50148,China,East Asia and the Pacific,Long-term targets (>15 years),be28a872_7fd8be29,CHN.5_1
CN Guandong Region,2020,649518000,Guangdong,Region,CHN,CN Guandong Region:NA:2060:Carbon neutral(ity),Carbon neutral(ity),2060,100,percent,NZT,tCO2e,CCNT,649518000,2020,CCNT,104303000,NA,6.227222611046662,China,East Asia and the Pacific,Long-term targets (>15 years),0b8cff8c_4a417f04,CHN.6_1
CN Guangxi Region,NA,NA,Guangxi,Region,CHN,CN Guangxi Region:NA:2060:100,Absolute emission reduction,2060,100,percent,CCNT,tCO2e,CCNT,235105000,2020,CCNT,50200000,2020,4.683366533864542,China,East Asia and the Pacific,Long-term targets (>15 years),61fd022a_3ac0884f,CHN.7_1
CN Hainan Region,2020,15898000,Hainan,Region,CHN,CN Hainan Region:2020:2025:6,Absolute emission reduction,2025,6,percent,CCNT,tCO2e,CCNT,37690000,2020,CCNT,10100000,2020,3.731683168316832,China,East Asia and the Pacific,Short-term targets (within 5 years),c66caadd_88c28528,CHN.9_1
CN Hainan Region,2020,15898000,Hainan,Region,CHN,CN Hainan Region:NA:2050:Carbon neutral(ity),Carbon neutral(ity),2050,100,percent,NZT,tCO2e,NZT,37690000,2020,CCNT,10100000,2020,3.731683168316832,China,East Asia and the Pacific,Long-term targets (>15 years),c66caadd_88c28528,CHN.9_1
CN Hebei Region,2020,906097000,Hebei,Region,CHN,CN Hebei Region:NA:2060:100,Absolute emission reduction,2060,100,percent,CCNT,tCO2e,CCNT,906097000,2020,CCNT,74600000,2020,12.14607238605898,China,East Asia and the Pacific,Long-term targets (>15 years),c6466f98_bb213c42,CHN.10_1
CN Inner Mongolia Region,NA,NA,Inner Mongolia,Region,CHN,CN Inner Mongolia Region:NA:2060:100,Absolute emission reduction,2060,100,percent,CCNT,tCO2e,CCNT,687461000,2020,CCNT,24000000,2020,28.644208333333335,China,East Asia and the Pacific,Long-term targets (>15 years),3e7dacbf_bae07fc6,CHN.19_1
CN Jiangsu Region,NA,NA,Jiangsu,Region,CHN,CN Jiangsu Region:NA:2060:100,Absolute emission reduction,2060,100,percent,CCNT,tCO2e,CCNT,806020000,2020,CCNT,84800000,2020,9.50495283018868,China,East Asia and the Pacific,Long-term targets (>15 years),1b573587_86a31e6d,CHN.15_1
CN Jilin Region,NA,NA,Jilin,Region,CHN,CN Jilin Region:NA:2060:Carbon neutral(ity),Carbon neutral(ity),2060,100,percent,NZT,tCO2e,NZT,181425000,2020,CCNT,24000000,2020,7.559375,China,East Asia and the Pacific,Long-term targets (>15 years),9d8d8bde_6353d4a5,CHN.17_1
CN Qinghai Region,2020,31609000,Qinghai,Region,CHN,CN Qinghai Region:NA:2060:100,Absolute emission reduction,2060,100,percent,CCNT,tCO2e,CCNT,31609000,2020,CCNT,5900000,2020,5.357457627118644,China,East Asia and the Pacific,Long-term targets (>15 years),e45059fe_fc588752,CHN.21_1
CN Shaanxi Region,2020,245046000,Shaanxi,Region,CHN,CN Shaanxi Region:NA:2060:100,Absolute emission reduction,2060,100,percent,CCNT,tCO2e,CCNT,245046000,2020,CCNT,39500000,2020,6.2036962025316456,China,East Asia and the Pacific,Long-term targets (>15 years),cc02c9f7_05ac6d59,CHN.22_1
CN Sichuan Region,2005,158093000,Sichuan,Region,CHN,CN Sichuan Region:NA:2060:100,Absolute emission reduction,2060,100,percent,CCNT,tCO2e,CCNT,195623000,2020,CCNT,83700000,2020,2.3371923536439665,China,East Asia and the Pacific,Long-term targets (>15 years),1f3f6b9b_907368cd,CHN.26_1
CN Zhejiang Region,2005,264520000,Zhejiang,Region,CHN,CN Zhejiang Region:NA:2060:100,Absolute emission reduction,2060,100,percent,CCNT,tCO2e,CCNT,442615000,2020,CCNT,64700000,2020,6.841035548686245,China,East Asia and the Pacific,Long-term targets (>15 years),6f4f17f1_80ea8e35,CHN.31_1
DE Baden-Württemberg Region,NA,NA,Baden-Württemberg,Region,DEU,DE Baden-Württemberg Region:NA:2040:Climate neutral,Climate neutral,2040,100,percent,NZT,tCO2e,NZT,76476144,2018,NZT,11069533,NA,6.9087055434045865,Germany,Europe,Long-term targets (>15 years),c14c9e48_de072cd1,DEU.1_1
DE Bavaria Region,NA,NA,Bavaria,Region,DEU,DE Bavaria Region:NA:2050:Climate neutral,Climate neutral,2050,100,percent,NZT,tCO2e,NZT,NA,NA,NZT,13076721,NA,NA,Germany,Europe,Long-term targets (>15 years),f45f91d3_0715028f,DEU.2_1
DE Brandenburg Region,NA,NA,Brandenburg,Region,DEU,DE Brandenburg Region:NA:2045:Climate neutral,Climate neutral,2045,100,percent,NZT,tCO2e,NZT,NA,NA,NZT,2521893,NA,NA,Germany,Europe,Long-term targets (>15 years),7e8da31d_1c1388ba,DEU.4_1
DE Federal of Berlin Region,1990,29384220,Federal of Berlin,Region,DEU,DE Federal of Berlin Region:1990:2030:70,Absolute emission reduction,2030,70,percent,NZT,tCO2e,JRC,9808000,2017,NZT,3850809,2021,2.546997267327463,Germany,Europe,Medium-term targets (6-15 years),5829d632_a18a8d37,DEU.3_1
DE Federal of Berlin Region,1990,29384220,Federal of Berlin,Region,DEU,DE Federal of Berlin Region:NA:2045:Climate neutral,Climate neutral,2045,100,percent,NZT,tCO2e,NZT,9808000,2017,NZT,3850809,2021,2.546997267327463,Germany,Europe,Long-term targets (>15 years),5829d632_a18a8d37,DEU.3_1
DE Hamburg Region,1990,21112080,Hamburg,Region,DEU,DE Hamburg Region:1990:2030:55,Absolute emission reduction,2030,55,percent,NZT,tCO2e,JRC,12667191.271,2015,JRC,5425628,2022,2.334695867648869,Germany,Europe,Medium-term targets (6-15 years),8e807af7_89f23bb5,DEU.6_1
DE Hamburg Region,1990,21112080,Hamburg,Region,DEU,DE Hamburg Region:1990:2050:95,Absolute emission reduction,2050,95,percent,NZT,tCO2e,JRC,12667191.271,2015,JRC,5425628,2022,2.334695867648869,Germany,Europe,Long-term targets (>15 years),8e807af7_89f23bb5,DEU.6_1
DE Hesse Region,1990,51500000,Hesse,Region,DEU,DE Hesse Region:1990:2025:40,Absolute emission reduction,2025,40,percent,CDP states regions,tCO2e,CDP states regions,35000000,2019,CDP states regions,6288080,2019,5.566086945458709,Germany,Europe,Short-term targets (within 5 years),6893e135_d092b8e7,DEU.7_1
DE Hesse Region,1990,51500000,Hesse,Region,DEU,DE Hesse Region:1990:2030:55,Absolute emission reduction,2030,55,percent,CDP states regions,tCO2e,CDP states regions,35000000,2019,CDP states regions,6288080,2019,5.566086945458709,Germany,Europe,Medium-term targets (6-15 years),6893e135_d092b8e7,DEU.7_1
DE Hesse Region,1990,51500000,Hesse,Region,DEU,DE Hesse Region:1990:2045:90,Absolute emission reduction,2045,90,percent,CDP states regions,tCO2e,CDP states regions,35000000,2019,CDP states regions,6288080,2019,5.566086945458709,Germany,Europe,Long-term targets (>15 years),6893e135_d092b8e7,DEU.7_1
DE Lower Saxony Region,1990,97483000,Lower Saxony,Region,DEU,DE Lower Saxony Region:1990:2050:80,Absolute emission reduction,2050,80,percent,NZT,tCO2e,External,83990000,2016,NZT,7990000,2020,10.51188986232791,Germany,Europe,Long-term targets (>15 years),b21cfded_1c8414a7,DEU.9_1
DE North Rhine-Westphalia Region,NA,NA,North Rhine-Westphalia,Region,DEU,DE North Rhine-Westphalia Region:NA:2045:GHG neutral(ity),GHG neutral(ity),2045,100,percent,NZT,tCO2e,NZT,261158281,2018,NZT,17964700,NA,14.537302654650508,Germany,Europe,Long-term targets (>15 years),c2e689a5_fbb44c0a,DEU.10_1
DE Rhineland-Palatinate Region,NA,NA,Rhineland-Palatinate,Region,DEU,DE Rhineland-Palatinate Region:NA:2050:Climate neutral,Climate neutral,2050,100,percent,NZT,tCO2e,NZT,32050001,2017,NZT,4093336,NA,7.829799703713548,Germany,Europe,Long-term targets (>15 years),05a6593a_17901e31,DEU.11_1
DE Thuringia Region,1990,33800000,Thuringia,Region,DEU,DE Thuringia Region:1990:2030:70,Absolute emission reduction,2030,70,percent,NZT,tCO2e,NZT,13045000,2017,NZT,2133378,2016,6.114715723139547,Germany,Europe,Medium-term targets (6-15 years),3fd80666_146692e8,DEU.16_1
ES Andalusia Region,2005,34866743,Andalusia,Region,ESP,ES Andalusia Region:2005:2030:39,Absolute emission reduction,2030,39,percent,CDP states regions,tCO2e,CDP states regions,52112944,2018,NZT,8464411,2020,6.156712380814211,Spain,Europe,Medium-term targets (6-15 years),d8b3ace5_4f393e4a,ESP.1_1
ES Basque Country Region,2005,25634155,Basque Country,Region,ESP,ES Basque Country Region:2005:2030:40,Absolute emission reduction,2030,40,percent,CDP states regions,tCO2e,CDP states regions,15446533,2020,CDP states regions,2199711,2020,7.0220738087867,Spain,Europe,Medium-term targets (6-15 years),5bf8e6ff_cfbae998,ESP.16_1
ES Canary Islands Region,NA,NA,Canary Islands,Region,ESP,ES Canary Islands Region:NA:2040:Zero carbon,Zero carbon,2040,100,percent,NZT,tCO2e,NZT,NA,NA,NZT,2172944,2021,NA,Spain,Europe,Long-term targets (>15 years),381fd17c_81da61e9,ESP.14_1
ES Cantabria Region,2005,4084620,Cantabria,Region,ESP,ES Cantabria Region:NA:2030:5150244,Absolute emission reduction,2030,26,tCO2e,CDP states regions,tCO2e,CDP states regions,5241350,2020,CDP states regions,582905,2020,8.991773959736149,Spain,Europe,Medium-term targets (6-15 years),91d8969d_9b7ebb71,ESP.3_1
ES Catalonia Region,1990,38875000,Catalonia,Region,ESP,ES Catalonia Region:1990:2030:40,Absolute emission reduction,2030,40,percent,NZT,tCO2e,NZT,39940681,2020,CDP states regions,7780479,2020,5.133447567945367,Spain,Europe,Medium-term targets (6-15 years),ffa5bb5f_3fd7eb98,ESP.6_1
ES Catalonia Region,1990,38875000,Catalonia,Region,ESP,ES Catalonia Region:NA:2050:GHG neutral(ity),GHG neutral(ity),2050,100,percent,NZT,tCO2e,NZT,39940681,2020,CDP states regions,7780479,2020,5.133447567945367,Spain,Europe,Long-term targets (>15 years),ffa5bb5f_3fd7eb98,ESP.6_1
ES Galicia Region,1990,29013483,Galicia,Region,ESP,ES Galicia Region:1990:2050:100,Absolute emission reduction,2050,100,percent,CDP states regions,tCO2e,CDP states regions,29810276,2018,NZT,2701819,NA,11.033409713974178,Spain,Europe,Long-term targets (>15 years),41161c08_88665125,ESP.12_1
ES Madrid Region,1990,13564859,Madrid,Region,ESP,ES Madrid Region:1990:2030:40,Absolute emission reduction,2030,40,percent,NZT,tCO2e,NZT,21861000,2019,NZT,3223334,2018,6.78210821466221,Spain,Europe,Medium-term targets (6-15 years),31102d7d_185a6ffe,ESP.8_1
ES Region of Murcia Region,2007,1867473.86093,Region of Murcia,Region,ESP,ES Region of Murcia Region:2016:2030:40,Absolute emission reduction,2030,40,percent,EUCoM2022,tCO2e,JRC,1435465.10354,2019,JRC,1511251,2020,0.949852210876949,Spain,Europe,Medium-term targets (6-15 years),00abc291_e6e10cfc,ESP.18_1
FR Île-de-France Region,NA,NA,Ile-de-France,Region,FRA,FR Île-de-France Region:NA:2050:Zero carbon,Zero carbon,2050,100,percent,NZT,tCO2e,NZT,NA,NA,NZT,12117132,NA,NA,France,Europe,Long-term targets (>15 years),55862597_dedffd47,FRA.8_1
FR New Aquitaine Region,NA,NA,New Aquitaine,Region,FRA,FR New Aquitaine Region:NA:2050:Carbon neutral(ity),Carbon neutral(ity),2050,100,percent,NZT,tCO2e,NZT,NA,NA,NZT,5935603,NA,NA,France,Europe,Long-term targets (>15 years),e38f9b6a_d2c52d36,FRA.10_1
FR Pays de la Loire Region,2015,202441,Pays de la Loire,Region,FRA,FR Pays de la Loire Region:2015:2030:50,Absolute emission reduction,2030,50,percent,NZT,tCO2e,JRC,202441,2015,JRC,3716068,NA,0.05447720547632605,France,Europe,Medium-term targets (6-15 years),56ab6860_ec0f93e5,FRA.12_1
FR Provence-Alpes-Côte-d’Azur Region,NA,NA,Provence-Alpes-Cote-d’Azur,Region,FRA,FR Provence-Alpes-Côte-d’Azur Region:NA:2050:Carbon neutral(ity),Carbon neutral(ity),2050,100,percent,NZT,tCO2e,NZT,NA,NA,NZT,5131187,NA,NA,France,Europe,Long-term targets (>15 years),5e9bbf7b_13a8049f,FRA.13_1
GB Northern Ireland Region,NA,NA,Northern Ireland,Region,GBR,GB Northern Ireland Region:NA:2050:Net zero,Net zero,2050,100,percent,NZT,tCO2e,NZT,NA,NA,NZT,1895500,NA,NA,United Kingdom,Europe,Long-term targets (>15 years),561a1fe2_ac4f697d,GBR.2_1
GB Scotland Region,1990,81600000,Scotland,Region,GBR,GB Scotland Region:1990:2030:75,Absolute emission reduction,2030,75,percent,CDP states regions,tCO2e,CDP states regions,39951493,2020,CDP states regions,5466000,2020,7.30909129162093,United Kingdom,Europe,Medium-term targets (6-15 years),663d7da0_19ce286d,GBR.3_1
GB Scotland Region,1990,81600000,Scotland,Region,GBR,GB Scotland Region:1990:2040:90,Absolute emission reduction,2040,90,percent,CDP states regions,tCO2e,CDP states regions,39951493,2020,CDP states regions,5466000,2020,7.30909129162093,United Kingdom,Europe,Long-term targets (>15 years),663d7da0_19ce286d,GBR.3_1
GB Scotland Region,2020,39951493,Scotland,Region,GBR,GB Scotland Region:NA:2045:100,Absolute emission reduction,2045,100,tCO2e,CDP cities targets,tCO2e,CDP states regions,39951493,2020,CDP states regions,5466000,2020,7.30909129162093,United Kingdom,Europe,Long-term targets (>15 years),663d7da0_19ce286d,GBR.3_1
GB Wales Region,1990,55307337,Wales,Region,GBR,GB Wales Region:1990:2030:63,Absolute emission reduction,2030,63,percent,NZT,tCO2e,NZT,33161293,2020,CDP cities emissions,3169586,2020,10.462342085054642,United Kingdom,Europe,Medium-term targets (6-15 years),e45fa7b6_5e78b1c3,GBR.4_1
GB Wales Region,1990,55307337,Wales,Region,GBR,GB Wales Region:1990:2050:100,Absolute emission reduction,2050,100,percent,CDP states regions,tCO2e,CDP states regions,33161293,2020,CDP cities emissions,3169586,2020,10.462342085054642,United Kingdom,Europe,Long-term targets (>15 years),e45fa7b6_5e78b1c3,GBR.4_1
IN Arunachal Pradesh Region,NA,NA,Arunachal Pradesh,Region,IND,IN Arunachal Pradesh Region:NA:2047:Net zero,Net zero,2047,100,percent,NZT,tCO2e,NZT,NA,NA,NZT,1570458,NA,NA,India,South Asia,Long-term targets (>15 years),322c0242_afec465c,IND.3_1
IN Chattisgargh Region,NA,NA,Chattisgargh,Region,IND,IN Chattisgargh Region:NA:2050:Net zero,Net zero,2050,100,percent,NZT,tCO2e,NZT,NA,NA,NZT,25555000,NA,NA,India,South Asia,Long-term targets (>15 years),1851da71_e64c1731,IND.7_1
IN Gujarat Region,NA,NA,Gujarat,Region,IND,IN Gujarat Region:NA:2070:Net zero,Net zero,2070,100,percent,NZT,tCO2e,NZT,NA,NA,NZT,60440000,2011,NA,India,South Asia,Long-term targets (>15 years),8882332e_cab530ec,IND.11_1
IN Kerala Region,NA,NA,Kerala,Region,IND,IN Kerala Region:NA:2050:Net zero,Net zero,2050,100,percent,NZT,tCO2e,NZT,NA,NA,NZT,35699443,NA,NA,India,South Asia,Long-term targets (>15 years),58447a57_c0050062,IND.17_1
IN West Bengal Region,NA,NA,West Bengal,Region,IND,IN West Bengal Region:NA:2030:Carbon neutral(ity),Carbon neutral(ity),2030,100,percent,NZT,tCO2e,NZT,NA,NA,NZT,92725000,NA,NA,India,South Asia,Medium-term targets (6-15 years),591f0913_da8aa257,IND.36_1
IT Apulia Region,NA,NA,Apulia,Region,ITA,IT Apulia Region:NA:2050:Climate neutral,Climate neutral,2050,100,percent,NZT,tCO2e,NZT,NA,NA,NZT,4063888,NA,NA,Italy,Europe,Long-term targets (>15 years),9f0b5d11_b9e50e78,ITA.2_1
IT Lombardy Region,2005,86500000,Lombardy,Region,ITA,IT Lombardy Region:NA:2030:40,Absolute emission reduction,2030,40,percent,CDP states regions,tCO2e,CDP states regions,62800000,2020,CDP states regions,10060574,2018,6.242188566974409,Italy,Europe,Medium-term targets (6-15 years),302e92ce_18ed64ff,ITA.10_1
IT Lombardy Region,2005,86500000,Lombardy,Region,ITA,IT Lombardy Region:NA:2050:80,Absolute emission reduction,2050,80,percent,CDP states regions,tCO2e,CDP states regions,62800000,2020,CDP states regions,10060574,2018,6.242188566974409,Italy,Europe,Long-term targets (>15 years),302e92ce_18ed64ff,ITA.10_1
IT Piedmont Region,1990,30995000,Piedmont,Region,ITA,IT Piedmont Region:1990:2030:40,Absolute emission reduction,2030,40,percent,CDP states regions,tCO2e,CDP states regions,41525118,2015,CDP states regions,4404246,2015,9.428428384790497,Italy,Europe,Medium-term targets (6-15 years),8591644f_4b39c70a,ITA.13_1
JP Aichi Prefecture Region,2013,82384000,Aichi Prefecture,Region,JPN,JP Aichi Prefecture Region:2013:2030:26,Absolute emission reduction,2030,26,percent,NZT,tCO2e,NZT,79540000,2018,NZT,7542415,2020,10.545693918990136,Japan,East Asia and the Pacific,Medium-term targets (6-15 years),81c84412_03d4f300,JPN.1_1
JP Akita Prefecture Region,2013,10869000,Akita Prefecture,Region,JPN,JP Akita Prefecture Region:2013:2030:58,Absolute emission reduction,2030,58,percent,Japanese data,tCO2e,JPMOE,9566000,2017,NZT,959502,2020,9.969755143814186,Japan,East Asia and the Pacific,Medium-term targets (6-15 years),d6c36030_8c9e6928,JPN.2_1
JP Aomori Prefecture Region,2013,16373000,Aomori Prefecture,Region,JPN,JP Aomori Prefecture Region:2013:2030:31,Absolute emission reduction,2030,31,percent,NZT,tCO2e,NZT,14638000,2018,NZT,1237984,2020,11.824062346524672,Japan,East Asia and the Pacific,Medium-term targets (6-15 years),0f19c93c_2cec5b39,JPN.3_1
JP Aomori Prefecture Region,2013,16373000,Aomori Prefecture,Region,JPN,JP Aomori Region:NA:2050:Net zero,Net zero,2050,100,percent,NZT,tCO2e,NZT,14638000,2018,NZT,1237984,2020,11.824062346524672,Japan,East Asia and the Pacific,Long-term targets (>15 years),0f19c93c_2cec5b39,JPN.3_1
JP Chiba Prefecture Region,2013,77926000,Chiba Prefecture,Region,JPN,JP Chiba Prefecture Region:2013:2030:46,Absolute emission reduction,2030,46,percent,Japanese data,tCO2e,JPMOE,75107000,2016,NZT,6284480,2020,11.951187687764143,Japan,East Asia and the Pacific,Medium-term targets (6-15 years),0d131b4a_3008097f,JPN.4_1
JP Chiba Prefecture Region,2013,77926000,Chiba Prefecture,Region,JPN,JP Chiba Region:NA:2050:Net zero,Net zero,2050,100,percent,NZT,tCO2e,NZT,75107000,2016,NZT,6284480,2020,11.951187687764143,Japan,East Asia and the Pacific,Long-term targets (>15 years),0d131b4a_3008097f,JPN.4_1
JP Ehime Prefecture Region,2013,24362000,Ehime Prefecture,Region,JPN,JP Ehime Prefecture Region:2013:2030:27,Absolute emission reduction,2030,27,percent,NZT,tCO2e,NZT,20982000,2016,NZT,1334841,2020,15.718726050518375,Japan,East Asia and the Pacific,Medium-term targets (6-15 years),37d50002_70e33789,JPN.5_1
JP Ehime Prefecture Region,2013,24362000,Ehime Prefecture,Region,JPN,JP Ehime Region:NA:2050:Net zero,Net zero,2050,100,percent,NZT,tCO2e,NZT,20982000,2016,NZT,1334841,2020,15.718726050518375,Japan,East Asia and the Pacific,Long-term targets (>15 years),37d50002_70e33789,JPN.5_1
JP Fukui Prefecture Region,2013,10458000,Fukui Prefecture,Region,JPN,JP Fukui Prefecture Region:2013:2030:40,Absolute emission reduction,2030,40,percent,Japanese data,tCO2e,JPMOE,9616000,2017,NZT,766863,2020,12.539397519504789,Japan,East Asia and the Pacific,Medium-term targets (6-15 years),214c18f4_86759035,JPN.6_1
JP Fukui Prefecture Region,2013,10458000,Fukui Prefecture,Region,JPN,JP Fukui Region:NA:2050:Net zero,Net zero,2050,100,percent,NZT,tCO2e,NZT,9616000,2017,NZT,766863,2020,12.539397519504789,Japan,East Asia and the Pacific,Long-term targets (>15 years),214c18f4_86759035,JPN.6_1
JP Fukuoka Prefecture Region,2013,9215000,Fukuoka Prefecture,Region,JPN,JP Fukuoka Prefecture Region:2013:2030:46,Absolute emission reduction,2030,46,percent,Japanese data,tCO2e,JPMOE,6434000,2018,NZT,5135214,2020,1.2529175999286497,Japan,East Asia and the Pacific,Medium-term targets (6-15 years),88bbf1c3_7d7d7744,JPN.7_1
JP Fukushima Prefecture Region,2013,18101000,Fukushima Prefecture,Region,JPN,JP Fukushima Prefecture Region:2013:2030:50,Absolute emission reduction,2030,50,percent,Japanese data,tCO2e,JPMOE,17673000,2017,NZT,1833152,2020,9.640771741786825,Japan,East Asia and the Pacific,Medium-term targets (6-15 years),f86c2f00_babc39a8,JPN.8_1
JP Fukushima Prefecture Region,2013,18101000,Fukushima Prefecture,Region,JPN,JP Fukushima Region:NA:2050:Net zero,Net zero,2050,100,percent,NZT,tCO2e,NZT,17673000,2017,NZT,1833152,2020,9.640771741786825,Japan,East Asia and the Pacific,Long-term targets (>15 years),f86c2f00_babc39a8,JPN.8_1
JP Gifu Prefecture Region,2013,19210000,Gifu Prefecture,Region,JPN,JP Gifu Prefecture Region:2013:2030:70,Absolute emission reduction,2030,70,percent,Japanese data,tCO2e,JPMOE,18200000,2018,NZT,1978742,2020,9.197763023173309,Japan,East Asia and the Pacific,Medium-term targets (6-15 years),da461f6a_70b898a0,JPN.9_1
JP Gifu Prefecture Region,2013,19210000,Gifu Prefecture,Region,JPN,JP Gifu Region:NA:2050:Net zero,Net zero,2050,100,percent,NZT,tCO2e,NZT,18200000,2018,NZT,1978742,2020,9.197763023173309,Japan,East Asia and the Pacific,Long-term targets (>15 years),da461f6a_70b898a0,JPN.9_1
JP Gunma Prefecture Region,2013,16555000,Gunma Prefecture,Region,JPN,JP Gunma Prefecture Region:2013:2030:50,Absolute emission reduction,2030,50,percent,NZT,tCO2e,NZT,17174000,2017,NZT,1937626,2020,8.86342359154966,Japan,East Asia and the Pacific,Medium-term targets (6-15 years),105c24a8_d9e3d0a4,JPN.10_1
JP Gunma Prefecture Region,2013,16555000,Gunma Prefecture,Region,JPN,JP Gunma Region:NA:2050:Net zero,Net zero,2050,100,percent,NZT,tCO2e,NZT,17174000,2017,NZT,1937626,2020,8.86342359154966,Japan,East Asia and the Pacific,Long-term targets (>15 years),105c24a8_d9e3d0a4,JPN.10_1
JP Hiroshima Prefecture Region,2013,59030000,Hiroshima Prefecture,Region,JPN,JP Hiroshima Prefecture Region:2013:2025:16,Absolute emission reduction,2025,16,percent,Japanese data,tCO2e,JPMOE,57470000,2016,NZT,2799702,2020,20.52718467894083,Japan,East Asia and the Pacific,Short-term targets (within 5 years),dd241108_d0500542,JPN.11_1
JP Hiroshima Prefecture Region,2013,59030000,Hiroshima Prefecture,Region,JPN,JP Hiroshima Prefecture Region:2013:2030:22,Absolute emission reduction,2030,22,percent,NZT,tCO2e,JPMOE,57470000,2016,NZT,2799702,2020,20.52718467894083,Japan,East Asia and the Pacific,Medium-term targets (6-15 years),dd241108_d0500542,JPN.11_1
JP Hiroshima Prefecture Region,2013,59030000,Hiroshima Prefecture,Region,JPN,JP Hiroshima Region:NA:2050:Net zero,Net zero,2050,100,percent,NZT,tCO2e,NZT,57470000,2016,NZT,2799702,2020,20.52718467894083,Japan,East Asia and the Pacific,Long-term targets (>15 years),dd241108_d0500542,JPN.11_1
JP Hokkaido Prefecture Region,2013,73450000,Hokkaido Prefecture,Region,JPN,JP Hokkaido Prefecture Region:2013:2030:35,Absolute emission reduction,2030,35,percent,NZT,tCO2e,NZT,72890000,2017,NZT,5224614,2020,13.951269892857155,Japan,East Asia and the Pacific,Medium-term targets (6-15 years),3ec6216f_ae60b0fc,JPN.12_1
JP Hokkaido Prefecture Region,2013,73450000,Hokkaido Prefecture,Region,JPN,JP Hokkaido Region:NA:2050:Net zero,Net zero,2050,100,percent,NZT,tCO2e,NZT,72890000,2017,NZT,5224614,2020,13.951269892857155,Japan,East Asia and the Pacific,Long-term targets (>15 years),3ec6216f_ae60b0fc,JPN.12_1
JP Hyogo Prefecture Region,2013,75182000,Hyogo Prefecture,Region,JPN,JP Hyogo Prefecture Region:2013:2030:35,Absolute emission reduction,2030,35,percent,Japanese data,tCO2e,JPMOE,63220000,2018,NZT,5465002,2020,11.568156791159454,Japan,East Asia and the Pacific,Medium-term targets (6-15 years),fa92039e_47b82870,JPN.13_1
JP Hyogo Prefecture Region,2019,46482000,Hyogo Prefecture,Region,JPN,JP Hyogo Prefecture Region:2019:2025:20,Absolute emission reduction,2025,20,percent,Japanese data,tCO2e,JPMOE,63220000,2018,NZT,5465002,2020,11.568156791159454,Japan,East Asia and the Pacific,Short-term targets (within 5 years),fa92039e_47b82870,JPN.13_1
JP Hyogo Prefecture Region,2019,75182000,Hyogo Prefecture,Region,JPN,JP Hyogo Region:NA:2050:Net zero,Net zero,2050,100,percent,NZT,tCO2e,NZT,63220000,2018,NZT,5465002,2020,11.568156791159454,Japan,East Asia and the Pacific,Long-term targets (>15 years),fa92039e_47b82870,JPN.13_1
JP Ibaraki Prefecture Region,2013,44386000,Ibaraki Prefecture,Region,JPN,JP Ibaraki Prefecture Region:2013:2030:27,Absolute emission reduction,2030,27,percent,NZT,tCO2e,NZT,48185096,2017,NZT,2867009,2020,16.806747380283774,Japan,East Asia and the Pacific,Medium-term targets (6-15 years),ec38685b_24acec83,JPN.14_1
JP Ibaraki Prefecture Region,2020,32796000,Ibaraki Prefecture,Region,JPN,JP Ibaraki Prefecture Region:2020:2025:10,Absolute emission reduction,2025,10,percent,Japanese data,tCO2e,JPMOE,48185096,2017,NZT,2867009,2020,16.806747380283774,Japan,East Asia and the Pacific,Short-term targets (within 5 years),ec38685b_24acec83,JPN.14_1
JP Ishikawa Prefecture Region,2013,11310000,Ishikawa Prefecture,Region,JPN,JP Ishikawa Prefecture Region:2013:2030:60,Absolute emission reduction,2030,60,percent,Japanese data,tCO2e,JPMOE,9830000,2018,NZT,1132526,2020,8.679712430443098,Japan,East Asia and the Pacific,Medium-term targets (6-15 years),f24ced93_c6d632a6,JPN.15_1
JP Iwate Prefecture Region,2013,14171000,Iwate Prefecture,Region,JPN,JP Iwate Prefecture Region:2013:2030:32,Absolute emission reduction,2030,32,percent,NZT,tCO2e,NZT,14198000,2017,NZT,1210534,2020,11.728708156896047,Japan,East Asia and the Pacific,Medium-term targets (6-15 years),851c58a5_42b41ddc,JPN.16_1
JP Iwate Prefecture Region,2018,10084000,Iwate Prefecture,Region,JPN,JP Iwate Prefecture Region:2018:2025:10,Absolute emission reduction,2025,10,percent,Japanese data,tCO2e,JPMOE,14198000,2017,NZT,1210534,2020,11.728708156896047,Japan,East Asia and the Pacific,Short-term targets (within 5 years),851c58a5_42b41ddc,JPN.16_1
JP Iwate Prefecture Region,2018,14171000,Iwate Prefecture,Region,JPN,JP Iwate Region:NA:2050:Net zero,Net zero,2050,100,percent,NZT,tCO2e,NZT,14198000,2017,NZT,1210534,2020,11.728708156896047,Japan,East Asia and the Pacific,Long-term targets (>15 years),851c58a5_42b41ddc,JPN.16_1
JP Kagawa Prefecture Region,2013,12035000,Kagawa Prefecture,Region,JPN,JP Kagawa Prefecture Region:2013:2025:33,Absolute emission reduction,2025,33,percent,Japanese data,tCO2e,JPMOE,8372000,2018,NZT,950244,2020,8.810368705300954,Japan,East Asia and the Pacific,Short-term targets (within 5 years),d89145a9_23213455,JPN.17_1
JP Kagawa Prefecture Region,2013,12035000,Kagawa Prefecture,Region,JPN,JP Kagawa Prefecture Region:2013:2030:50,Absolute emission reduction,2030,50,percent,Japanese data,tCO2e,JPMOE,8372000,2018,NZT,950244,2020,8.810368705300954,Japan,East Asia and the Pacific,Medium-term targets (6-15 years),d89145a9_23213455,JPN.17_1
JP Kagawa Prefecture Region,2013,12035000,Kagawa Prefecture,Region,JPN,JP Kagawa Region:NA:2050:Net zero,Net zero,2050,100,percent,NZT,tCO2e,NZT,8372000,2018,NZT,950244,2020,8.810368705300954,Japan,East Asia and the Pacific,Long-term targets (>15 years),d89145a9_23213455,JPN.17_1
JP Kagoshima Prefecture Region,2013,13471000,Kagoshima Prefecture,Region,JPN,JP Kagoshima Prefecture Region:2013:2030:33,Absolute emission reduction,2030,33,percent,NZT,tCO2e,JPMOE,11947000,2018,NZT,1588256,2020,7.522087119456813,Japan,East Asia and the Pacific,Medium-term targets (6-15 years),9430eb02_2cbb38b8,JPN.18_1
JP Kagoshima Prefecture Region,2013,13471000,Kagoshima Prefecture,Region,JPN,JP Kagoshima Region:NA:2050:Net zero,Net zero,2050,100,percent,NZT,tCO2e,NZT,11947000,2018,NZT,1588256,2020,7.522087119456813,Japan,East Asia and the Pacific,Long-term targets (>15 years),9430eb02_2cbb38b8,JPN.18_1
JP Kanagawa Prefecture Region,2013,77290000,Kanagawa Prefecture,Region,JPN,JP Kanagawa Prefecture Region:2013:2030:40,Absolute emission reduction,2030,40,percent,Japanese data,tCO2e,JPMOE,71220000,2018,NZT,9237337,2020,7.710014260603462,Japan,East Asia and the Pacific,Medium-term targets (6-15 years),a7f8214b_1ae1287f,JPN.19_1
JP Kanagawa Prefecture Region,2013,77290000,Kanagawa Prefecture,Region,JPN,JP Kanagawa Region:NA:2050:Net zero,Net zero,2050,100,percent,NZT,tCO2e,NZT,71220000,2018,NZT,9237337,2020,7.710014260603462,Japan,East Asia and the Pacific,Long-term targets (>15 years),a7f8214b_1ae1287f,JPN.19_1
JP Kochi Prefecture Region,2013,9577000,Kochi Prefecture,Region,JPN,JP Kochi Prefecture Region:2013:2030:29,Absolute emission reduction,2030,29,percent,Japanese data,tCO2e,JPMOE,9110000,2015,JPMOE,691527,2020,13.173744481415763,Japan,East Asia and the Pacific,Medium-term targets (6-15 years),e0e6ae54_e4fa6b81,JPN.20_1
JP Kochi Prefecture Region,2013,9577000,Kochi Prefecture,Region,JPN,JP Kochi Region:NA:2050:Net zero,Net zero,2050,100,percent,NZT,tCO2e,NZT,9110000,2015,JPMOE,691527,2020,13.173744481415763,Japan,East Asia and the Pacific,Long-term targets (>15 years),e0e6ae54_e4fa6b81,JPN.20_1
JP Kumamoto Prefecture Region,2013,13478000,Kumamoto Prefecture,Region,JPN,JP Kumamoto Prefecture Region:2013:2030:60,Absolute emission reduction,2030,60,percent,Japanese data,tCO2e,JPMOE,10390000,2018,NZT,1738301,2020,5.977100628717351,Japan,East Asia and the Pacific,Medium-term targets (6-15 years),a5c52e58_69ee1786,JPN.21_1
JP Kumamoto Prefecture Region,2013,13478000,Kumamoto Prefecture,Region,JPN,JP Kumamoto Region:NA:2050:Net zero,Net zero,2050,100,percent,NZT,tCO2e,NZT,10390000,2018,NZT,1738301,2020,5.977100628717351,Japan,East Asia and the Pacific,Long-term targets (>15 years),a5c52e58_69ee1786,JPN.21_1
JP Kyoto Prefecture Region,2013,15930000,Kyoto Prefecture,Region,JPN,JP Kyoto Prefecture Region:2013:2030:50,Absolute emission reduction,2030,50,percent,Japanese data,tCO2e,JPMOE,12398000,2018,NZT,2578087,2020,4.808992093750133,Japan,East Asia and the Pacific,Medium-term targets (6-15 years),73fe137d_fb318a3f,JPN.22_1
JP Kyoto Prefecture Region,2013,15930000,Kyoto Prefecture,Region,JPN,JP Kyoto Region:NA:2050:Net zero,Net zero,2050,100,percent,NZT,tCO2e,NZT,12398000,2018,NZT,2578087,2020,4.808992093750133,Japan,East Asia and the Pacific,Long-term targets (>15 years),73fe137d_fb318a3f,JPN.22_1
JP Mie Prefecture Region,2013,28245000,Mie Prefecture,Region,JPN,JP Mie Prefecture Region:2013:2030:40,Absolute emission reduction,2030,40,percent,Japanese data,tCO2e,JPMOE,26719000,2017,NZT,1770254,2020,15.09331429275121,Japan,East Asia and the Pacific,Medium-term targets (6-15 years),e64876ed_6478274e,JPN.23_1
JP Mie Prefecture Region,2013,28245000,Mie Prefecture,Region,JPN,JP Mie Region:NA:2050:Net zero,Net zero,2050,100,percent,NZT,tCO2e,NZT,26719000,2017,NZT,1770254,2020,15.09331429275121,Japan,East Asia and the Pacific,Long-term targets (>15 years),e64876ed_6478274e,JPN.23_1
JP Miyagi Prefecture Region,2013,20116000,Miyagi Prefecture,Region,JPN,JP Miyagi Prefecture Region:2013:2030:31,Absolute emission reduction,2030,31,percent,NZT,tCO2e,JPMOE,21388000,2016,NZT,2301996,2020,9.291067404113647,Japan,East Asia and the Pacific,Medium-term targets (6-15 years),10209a89_82d87128,JPN.24_1
JP Miyagi Prefecture Region,2019,16542000,Miyagi Prefecture,Region,JPN,JP Miyagi Prefecture Region:2019:2025:8,Absolute emission reduction,2025,8,percent,Japanese data,tCO2e,JPMOE,21388000,2016,NZT,2301996,2020,9.291067404113647,Japan,East Asia and the Pacific,Short-term targets (within 5 years),10209a89_82d87128,JPN.24_1
JP Miyagi Prefecture Region,2019,20116000,Miyagi Prefecture,Region,JPN,JP Miyagi Region:NA:2050:Net zero,Net zero,2050,100,percent,NZT,tCO2e,NZT,21388000,2016,NZT,2301996,2020,9.291067404113647,Japan,East Asia and the Pacific,Long-term targets (>15 years),10209a89_82d87128,JPN.24_1
JP Miyazaki Prefecture Region,2013,10676000,Miyazaki Prefecture,Region,JPN,JP Miyazaki Prefecture Region:2013:2025:37,Absolute emission reduction,2025,37,percent,Japanese data,tCO2e,JPMOE,7867000,2018,JPMOE,1069576,2020,7.355251052753615,Japan,East Asia and the Pacific,Short-term targets (within 5 years),6e0a766f_cafe584e,JPN.25_1
JP Miyazaki Prefecture Region,2013,10676000,Miyazaki Prefecture,Region,JPN,JP Miyazaki Region:NA:2050:Net zero,Net zero,2050,100,percent,NZT,tCO2e,NZT,7867000,2018,JPMOE,1069576,2020,7.355251052753615,Japan,East Asia and the Pacific,Long-term targets (>15 years),6e0a766f_cafe584e,JPN.25_1
JP Nagano Prefecture Region,2010,16980000,Nagano Prefecture,Region,JPN,JP Nagano Prefecture Region:2010:2030:62,Absolute emission reduction,2030,62,percent,Japanese data,tCO2e,JPMOE,14899000,2017,NZT,2048011,2020,7.274863269777359,Japan,East Asia and the Pacific,Medium-term targets (6-15 years),9792bab0_a5c1f8e8,JPN.26_1
JP Nagano Prefecture Region,2010,16980000,Nagano Prefecture,Region,JPN,JP Nagano Region:NA:2050:Net zero,Net zero,2050,100,percent,NZT,tCO2e,NZT,14899000,2017,NZT,2048011,2020,7.274863269777359,Japan,East Asia and the Pacific,Long-term targets (>15 years),9792bab0_a5c1f8e8,JPN.26_1
JP Nagasaki Prefecture Region,2013,10995000,Nagasaki Prefecture,Region,JPN,JP Nagasaki Prefecture Region:2013:2030:32,Absolute emission reduction,2030,32,percent,NZT,tCO2e,JPMOE,9246000,2017,NZT,1312317,2020,7.045553780069907,Japan,East Asia and the Pacific,Medium-term targets (6-15 years),dfc3c17a_99dc75db,JPN.27_1
JP Nagasaki Prefecture Region,2013,10995000,Nagasaki Prefecture,Region,JPN,JP Nagasaki Region:NA:2050:Net zero,Net zero,2050,100,percent,NZT,tCO2e,NZT,9246000,2017,NZT,1312317,2020,7.045553780069907,Japan,East Asia and the Pacific,Long-term targets (>15 years),dfc3c17a_99dc75db,JPN.27_1
JP Nara Prefecture Region,2013,7479000,Nara Prefecture,Region,JPN,JP Nara Prefecture Region:2013:2025:35,Absolute emission reduction,2025,35,percent,Japanese data,tCO2e,JPMOE,7479000,2013,JPMOE,1324473,2020,5.646774226428172,Japan,East Asia and the Pacific,Short-term targets (within 5 years),2294fec6_c648da15,JPN.28_1
JP Nara Prefecture Region,2013,7479000,Nara Prefecture,Region,JPN,JP Nara Prefecture Region:2013:2030:46,Absolute emission reduction,2030,46,percent,NZT,tCO2e,JPMOE,7479000,2013,JPMOE,1324473,2020,5.646774226428172,Japan,East Asia and the Pacific,Medium-term targets (6-15 years),2294fec6_c648da15,JPN.28_1
JP Nara Prefecture Region,2013,7479000,Nara Prefecture,Region,JPN,JP Nara Region:NA:2050:Net zero,Net zero,2050,100,percent,NZT,tCO2e,NZT,NA,NA,JPMOE,1324473,2020,NA,Japan,East Asia and the Pacific,Long-term targets (>15 years),2294fec6_c648da15,JPN.28_1
JP Niigata Prefecture Region,2013,29400000,Niigata Prefecture,Region,JPN,JP Niigata Prefecture Region:2013:2030:40,Absolute emission reduction,2030,40,percent,Japanese data,tCO2e,JPMOE,26590000,2018,NZT,2201272,2020,12.079379558727863,Japan,East Asia and the Pacific,Medium-term targets (6-15 years),93749536_cbedf70d,JPN.29_1
JP Niigata Prefecture Region,2013,29400000,Niigata Prefecture,Region,JPN,JP Niigata Region:NA:2050:Net zero,Net zero,2050,100,percent,NZT,tCO2e,NZT,26590000,2018,NZT,2201272,2020,12.079379558727863,Japan,East Asia and the Pacific,Long-term targets (>15 years),93749536_cbedf70d,JPN.29_1
JP Oita Prefecture Region,2013,33301000,Oita Prefecture,Region,JPN,JP Oita Prefecture Region:2013:2025:28,Absolute emission reduction,2025,28,percent,Japanese data,tCO2e,NZT,40054000,2018,NZT,1123852,2020,35.639924118122316,Japan,East Asia and the Pacific,Short-term targets (within 5 years),bd49a0f9_27f982a2,JPN.30_1
JP Oita Prefecture Region,2013,33301000,Oita Prefecture,Region,JPN,JP Oita Prefecture Region:2013:2030:35,Absolute emission reduction,2030,35,percent,NZT,tCO2e,NZT,40054000,2018,NZT,1123852,2020,35.639924118122316,Japan,East Asia and the Pacific,Medium-term targets (6-15 years),bd49a0f9_27f982a2,JPN.30_1
JP Oita Prefecture Region,2013,33301000,Oita Prefecture,Region,JPN,JP Oita Region:NA:2050:Net zero,Net zero,2050,100,percent,NZT,tCO2e,NZT,40054000,2018,NZT,1123852,2020,35.639924118122316,Japan,East Asia and the Pacific,Long-term targets (>15 years),bd49a0f9_27f982a2,JPN.30_1
JP Okayama Prefecture Region,2013,53150000,Okayama Prefecture,Region,JPN,JP Okayama Prefecture Region:2013:2030:18,Absolute emission reduction,2030,18,percent,NZT,tCO2e,JPMOE,45580000,2018,NZT,1888432,2020,24.13642641090598,Japan,East Asia and the Pacific,Medium-term targets (6-15 years),13aebd73_5ea4c7bc,JPN.31_1
JP Okayama Prefecture Region,2013,53150000,Okayama Prefecture,Region,JPN,JP Okayama Region:NA:2050:Net zero,Net zero,2050,100,percent,NZT,tCO2e,JPMOE,45580000,2018,NZT,1888432,2020,24.13642641090598,Japan,East Asia and the Pacific,Long-term targets (>15 years),13aebd73_5ea4c7bc,JPN.31_1
JP Okinawa Prefecture Region,2013,12593000,Okinawa Prefecture,Region,JPN,JP Okinawa Prefecture Region:2013:2030:26,Absolute emission reduction,2030,26,percent,NZT,tCO2e,JPMOE,12383000,2018,NZT,1467480,2020,8.43827513833238,Japan,East Asia and the Pacific,Medium-term targets (6-15 years),e6b92fb9_a748f833,JPN.32_1
JP Okinawa Prefecture Region,2013,12593000,Okinawa Prefecture,Region,JPN,JP Okinawa Region:NA:2030:Net zero,Net zero,2030,100,percent,NZT,tCO2e,JPMOE,12383000,2018,NZT,1467480,2020,8.43827513833238,Japan,East Asia and the Pacific,Medium-term targets (6-15 years),e6b92fb9_a748f833,JPN.32_1
JP Osaka Prefecture Region,2013,57980000,Osaka Prefecture,Region,JPN,JP Osaka Prefecture Region:2013:2030:45,Absolute emission reduction,2030,45,percent,Japanese data,tCO2e,JPMOE,53320000,2017,NZT,8837685,2020,6.033254183646509,Japan,East Asia and the Pacific,Medium-term targets (6-15 years),be617c5c_c7e38a79,JPN.33_1
JP Osaka Prefecture Region,2013,57980000,Osaka Prefecture,Region,JPN,JP Osaka Region:NA:2050:Zero emissions,Zero emissions,2050,100,percent,NZT,tCO2e,NZT,53320000,2017,NZT,8837685,2020,6.033254183646509,Japan,East Asia and the Pacific,Long-term targets (>15 years),be617c5c_c7e38a79,JPN.33_1
JP Saga Prefecture Region,2013,7624000,Saga Prefecture,Region,JPN,JP Saga Prefecture Region:2013:2030:27,Absolute emission reduction,2030,27,percent,NZT,tCO2e,JPMOE,5536000,2017,NZT,811442,2020,6.822422304982981,Japan,East Asia and the Pacific,Medium-term targets (6-15 years),ec69d4c9_5600f2c7,JPN.34_1
JP Saga Prefecture Region,2013,7624000,Saga Prefecture,Region,JPN,JP Saga Region:NA:2050:Net zero,Net zero,2050,100,percent,NZT,tCO2e,NZT,5536000,2017,NZT,811442,2020,6.822422304982981,Japan,East Asia and the Pacific,Long-term targets (>15 years),ec69d4c9_5600f2c7,JPN.34_1
JP Saitama Prefecture Region,2013,49690000,Saitama Prefecture,Region,JPN,JP Saitama Prefecture Region:2013:2030:46,Absolute emission reduction,2030,46,percent,Japanese data,tCO2e,JPMOE,41090000,2019,JPMOE,7344765,2020,5.594460816649682,Japan,East Asia and the Pacific,Medium-term targets (6-15 years),2b735833_bf29201e,JPN.35_1
JP Shiga Prefecture Region,2013,14220000,Shiga Prefecture,Region,JPN,JP Shiga Prefecture Region:2013:2030:50,Absolute emission reduction,2030,50,percent,Japanese data,tCO2e,JPMOE,11280000,2018,NZT,1413610,2020,7.979570036997474,Japan,East Asia and the Pacific,Medium-term targets (6-15 years),9a6edcb1_9d5ae912,JPN.36_1
JP Shiga Prefecture Region,2013,14220000,Shiga Prefecture,Region,JPN,JP Shiga Region:NA:2050:Net zero,Net zero,2050,100,percent,NZT,tCO2e,NZT,11280000,2018,NZT,1413610,2020,7.979570036997474,Japan,East Asia and the Pacific,Long-term targets (>15 years),9a6edcb1_9d5ae912,JPN.36_1
JP Shimane Prefecture Region,2013,6799000,Shimane Prefecture,Region,JPN,JP Shimane Prefecture Region:2013:2030:22,Absolute emission reduction,2030,22,percent,NZT,tCO2e,JPMOE,6176000,2017,NZT,671126,2020,9.20244484642228,Japan,East Asia and the Pacific,Medium-term targets (6-15 years),e98b386a_dcd898f4,JPN.37_1
JP Shimane Prefecture Region,2013,6799000,Shimane Prefecture,Region,JPN,JP Shimane Region:NA:2050:Net zero,Net zero,2050,100,percent,NZT,tCO2e,JPMOE,6176000,2017,NZT,671126,2020,9.20244484642228,Japan,East Asia and the Pacific,Long-term targets (>15 years),e98b386a_dcd898f4,JPN.37_1
JP Shizuoka Prefecture Region,2013,31645000,Shizuoka Prefecture,Region,JPN,JP Shizuoka Prefecture Region:2013:2030:47,Absolute emission reduction,2030,47,percent,Japanese data,tCO2e,JPMOE,5051400,2018,NZT,3633202,2020,1.3903438344468595,Japan,East Asia and the Pacific,Medium-term targets (6-15 years),9aeae63f_2001b7f1,JPN.38_1
JP Shizuoka Prefecture Region,2013,31645000,Shizuoka Prefecture,Region,JPN,JP Shizuoka Region:NA:2050:Net zero,Net zero,2050,100,percent,NZT,tCO2e,NZT,5051400,2018,NZT,3633202,2020,1.3903438344468595,Japan,East Asia and the Pacific,Long-term targets (>15 years),9aeae63f_2001b7f1,JPN.38_1
JP Tochigi Prefecture Region,2013,17267000,Tochigi Prefecture,Region,JPN,JP Tochigi Prefecture Region:2013:2025:21,Absolute emission reduction,2025,21,percent,Japanese data,tCO2e,NZT,19500000,2017,NZT,1933146,2020,10.08718430992796,Japan,East Asia and the Pacific,Short-term targets (within 5 years),eb7bcd73_72ce492a,JPN.39_1
JP Tochigi Prefecture Region,2013,17267000,Tochigi Prefecture,Region,JPN,JP Tochigi Prefecture Region:2013:2030:26,Absolute emission reduction,2030,26,percent,NZT,tCO2e,NZT,19500000,2017,NZT,1933146,2020,10.08718430992796,Japan,East Asia and the Pacific,Medium-term targets (6-15 years),eb7bcd73_72ce492a,JPN.39_1
JP Tochigi Prefecture Region,2013,17267000,Tochigi Prefecture,Region,JPN,JP Tochigi Region:NA:2050:Net zero,Net zero,2050,100,percent,NZT,tCO2e,NZT,19500000,2017,NZT,1933146,2020,10.08718430992796,Japan,East Asia and the Pacific,Long-term targets (>15 years),eb7bcd73_72ce492a,JPN.39_1
JP Tokushima Prefecture Region,2013,8875000,Tokushima Prefecture,Region,JPN,JP Tokushima Prefecture Region:2013:2023:40,Absolute emission reduction,2023,40,percent,Japanese data,tCO2e,JPMOE,7536000,2017,NZT,719559,2020,10.473081429041954,Japan,East Asia and the Pacific,Short-term targets (within 5 years),a30ead93_048d2674,JPN.40_1
JP Tokushima Prefecture Region,2013,8875000,Tokushima Prefecture,Region,JPN,JP Tokushima Prefecture Region:2013:2030:50,Absolute emission reduction,2030,50,percent,NZT,tCO2e,JPMOE,7536000,2017,NZT,719559,2020,10.473081429041954,Japan,East Asia and the Pacific,Medium-term targets (6-15 years),a30ead93_048d2674,JPN.40_1
JP Tokushima Prefecture Region,2013,8875000,Tokushima Prefecture,Region,JPN,JP Tokushima Region:NA:2050:Net zero,Net zero,2050,100,percent,NZT,tCO2e,NZT,7536000,2017,NZT,719559,2020,10.473081429041954,Japan,East Asia and the Pacific,Long-term targets (>15 years),a30ead93_048d2674,JPN.40_1
JP Tokyo Prefecture Region,2000,62200000,Tokyo Prefecture,Region,JPN,JP Tokyo Prefecture Region:2000:2030:30,Absolute emission reduction,2030,30,percent,NZT,tCO2e,JPMOE,64850000,2017,NZT,13832749,2017,4.688149839196822,Japan,East Asia and the Pacific,Medium-term targets (6-15 years),c28c2d30_ff4ce1ef,JPN.41_1
JP Tokyo Prefecture Region,2000,62200000,Tokyo Prefecture,Region,JPN,JP Tokyo Government Region:NA:2050:Net zero,Net zero,2050,100,percent,NZT,tCO2e,JPMOE,64850000,2017,NZT,13832749,2017,4.688149839196822,Japan,East Asia and the Pacific,Long-term targets (>15 years),c28c2d30_ff4ce1ef,JPN.41_1
JP Tottori Prefecture Region,2013,5268000,Tottori Prefecture,Region,JPN,JP Tottori Prefecture Region:2013:2030:60,Absolute emission reduction,2030,60,percent,Japanese data,tCO2e,JPMOE,5471200,2019,NZT,553407,2020,9.88639464264095,Japan,East Asia and the Pacific,Medium-term targets (6-15 years),f2518d36_db5ae9c8,JPN.42_1
JP Tottori Prefecture Region,2013,5268000,Tottori Prefecture,Region,JPN,JP Tottori Region:NA:2050:Net zero,Net zero,2050,100,percent,NZT,tCO2e,NZT,5471200,2019,NZT,553407,2020,9.88639464264095,Japan,East Asia and the Pacific,Long-term targets (>15 years),f2518d36_db5ae9c8,JPN.42_1
JP Toyama Prefecture Region,2014,12246000,Toyama Prefecture,Region,JPN,JP Toyama Prefecture Region:2014:2030:42,Absolute emission reduction,2030,42,percent,Japanese data,tCO2e,JPMOE,3700425,2016,NZT,1034814,2020,3.575932486417849,Japan,East Asia and the Pacific,Medium-term targets (6-15 years),922d5acf_d143885c,JPN.43_1
JP Toyama Prefecture Region,2014,12246000,Toyama Prefecture,Region,JPN,JP Toyama Region:NA:2050:Net zero,Net zero,2050,100,percent,NZT,tCO2e,NZT,3700425,2016,NZT,1034814,2020,3.575932486417849,Japan,East Asia and the Pacific,Long-term targets (>15 years),922d5acf_d143885c,JPN.43_1
JP Wakayama Prefecture Region,2013,19400000,Wakayama Prefecture,Region,JPN,JP Wakayama Prefecture Region:2013:2025:24,Absolute emission reduction,2025,24,percent,Japanese data,tCO2e,JPMOE,16305000,2018,NZT,922584,2020,17.67318748211545,Japan,East Asia and the Pacific,Short-term targets (within 5 years),450aaa0c_3834c322,JPN.44_1
JP Wakayama Prefecture Region,2013,19400000,Wakayama Prefecture,Region,JPN,JP Wakayama Prefecture Region:2013:2030:30,Absolute emission reduction,2030,30,percent,Japanese data,tCO2e,JPMOE,16305000,2018,NZT,922584,2020,17.67318748211545,Japan,East Asia and the Pacific,Medium-term targets (6-15 years),450aaa0c_3834c322,JPN.44_1
JP Wakayama Prefecture Region,2013,19400000,Wakayama Prefecture,Region,JPN,JP Wakayama Region:NA:2050:Net zero,Net zero,2050,100,percent,NZT,tCO2e,NZT,16305000,2018,NZT,922584,2020,17.67318748211545,Japan,East Asia and the Pacific,Long-term targets (>15 years),450aaa0c_3834c322,JPN.44_1
JP Yamagata Prefecture Region,2013,10120000,Yamagata Prefecture,Region,JPN,JP Yamagata Prefecture Region:2013:2030:50,Absolute emission reduction,2030,50,percent,Japanese data,tCO2e,JPMOE,9449000,2017,NZT,1068027,2020,8.847154613132439,Japan,East Asia and the Pacific,Medium-term targets (6-15 years),ba3a9fec_36820eea,JPN.45_1
JP Yamagata Prefecture Region,2013,10120000,Yamagata Prefecture,Region,JPN,JP Yamagata Region:NA:2050:Net zero,Net zero,2050,100,percent,NZT,tCO2e,NZT,9449000,2017,NZT,1068027,2020,8.847154613132439,Japan,East Asia and the Pacific,Long-term targets (>15 years),ba3a9fec_36820eea,JPN.45_1
JP Yamaguchi Prefecture Region,2013,43320000,Yamaguchi Prefecture,Region,JPN,JP Yamaguchi Prefecture Region:2013:2030:55,Absolute emission reduction,2030,55,percent,Japanese data,tCO2e,JPMOE,2070935,2008,NZT,1342059,2020,1.5431027995043436,Japan,East Asia and the Pacific,Medium-term targets (6-15 years),a5c0fc8e_4a17f415,JPN.46_1
JP Yamanashi Prefecture Region,2013,8029000,Yamanashi Prefecture,Region,JPN,JP Yamanashi Prefecture Region:2013:2030:26,Absolute emission reduction,2030,26,percent,NZT,tCO2e,JPMOE,6589000,2018,NZT,809974,2020,8.134829019203085,Japan,East Asia and the Pacific,Medium-term targets (6-15 years),b270033c_c0cc77bb,JPN.47_1
JP Yamanashi Prefecture Region,2013,8029000,Yamanashi Prefecture,Region,JPN,JP Yamanashi Region:NA:2050:Net zero,Net zero,2050,100,percent,NZT,tCO2e,NZT,6589000,2018,NZT,809974,2020,8.134829019203085,Japan,East Asia and the Pacific,Long-term targets (>15 years),b270033c_c0cc77bb,JPN.47_1
KR Gangwon-do Region,NA,NA,Gangwon-do,Region,KOR,KR Gangwon-do Region:NA:2050:Carbon neutral(ity),Carbon neutral(ity),2050,100,percent,NZT,tCO2e,NZT,NA,NA,NZT,1521763,NA,NA,South Korea,East Asia and the Pacific,Long-term targets (>15 years),b558281e_e9a5d37e,KOR.6_1
KR Gyeonggi-do Region,NA,NA,Gyeonggi-do,Region,KOR,KR Gyeonggi-do Region:NA:2050:Carbon neutral(ity),Carbon neutral(ity),2050,100,percent,NZT,tCO2e,NZT,NA,NA,NZT,13511676,NA,NA,South Korea,East Asia and the Pacific,Long-term targets (>15 years),32572966_6d02226b,KOR.8_1
KR North Chungcheong Region,NA,NA,North Chungcheong,Region,KOR,KR North Chungcheong Region:NA:2050:Carbon neutral(ity),Carbon neutral(ity),2050,100,percent,NZT,tCO2e,NZT,NA,NA,NZT,1588633,NA,NA,South Korea,East Asia and the Pacific,Long-term targets (>15 years),03de4016_fd890cd4,KOR.2_1
KR North Gyeongsang Region,NA,NA,North Gyeongsang,Region,KOR,KR North Gyeongsang Region:NA:2050:Carbon neutral(ity),Carbon neutral(ity),2050,100,percent,NZT,tCO2e,NZT,NA,NA,NZT,2739179,NA,NA,South Korea,East Asia and the Pacific,Long-term targets (>15 years),184ee807_6d338a9e,KOR.9_1
KR North Jeolla Region,NA,NA,North Jeolla,Region,KOR,KR North Jeolla Region:NA:2050:Carbon neutral(ity),Carbon neutral(ity),2050,100,percent,NZT,tCO2e,NZT,NA,NA,NZT,1895882,NA,NA,South Korea,East Asia and the Pacific,Long-term targets (>15 years),c996c462_ba0219ce,KOR.13_1
KR South Chungcheong Region,NA,NA,South Chungcheong,Region,KOR,KR South Chungcheong Region:NA:2050:Carbon neutral(ity),Carbon neutral(ity),2050,100,percent,NZT,tCO2e,NZT,NA,NA,NZT,2059871,NA,NA,South Korea,East Asia and the Pacific,Long-term targets (>15 years),15e5ca99_ab1cb711,KOR.3_1
KR South Gyeongsang Region,NA,NA,South Gyeongsang,Region,KOR,KR South Gyeongsang Region:NA:2050:Carbon neutral(ity),Carbon neutral(ity),2050,100,percent,NZT,tCO2e,NZT,NA,NA,NZT,3447687,NA,NA,South Korea,East Asia and the Pacific,Long-term targets (>15 years),0e756288_1e027f24,KOR.10_1
KR South Jeolla Region,NA,NA,South Jeolla,Region,KOR,KR South Jeolla Region:NA:2050:Carbon neutral(ity),Carbon neutral(ity),2050,100,percent,NZT,tCO2e,NZT,NA,NA,NZT,1938136,NA,NA,South Korea,East Asia and the Pacific,Long-term targets (>15 years),dfad4eed_023eff80,KOR.14_1
MX Jalisco Region,2010,27745174,Jalisco,Region,MEX,MX Jalisco Region:2010:2030:45,Absolute emission reduction,2030,45,percent,NZT,tCO2e,NZT,38882000,2019,CDP states regions,8110943,2017,4.79377058869727,Mexico,Latin America and Caribbean,Medium-term targets (6-15 years),4dd79356_09d6d06f,MEX.14_1
MX Jalisco Region,2019,38882000,Jalisco,Region,MEX,MX Jalisco Region:2019:2050:100,Absolute emission reduction,2050,100,percent,CDP states regions,tCO2e,CDP states regions,38882000,2019,CDP states regions,8110943,2017,4.79377058869727,Mexico,Latin America and Caribbean,Long-term targets (>15 years),4dd79356_09d6d06f,MEX.14_1
MX Mexico State Region,2010,46756790,Mexico State,Region,MEX,MX Mexico State Region:2010:2050:50,Absolute emission reduction,2050,50,percent,CDP states regions,tCO2e,CDP states regions,45791915.1,2018,CDP cities emissions,16992418,2018,2.6948439651143232,Mexico,Latin America and Caribbean,Long-term targets (>15 years),1d299778_92ff0e8a,MEX.15_1
MX Nuevo León Region,2019,36000000,Nuevo León,Region,MEX,MX Nuevo León Region:2019:2027:30,Absolute emission reduction,2027,30,percent,CDP states regions,tCO2e,CDP states regions,36000000,2019,CDP states regions,5784442,2020,6.223590797522043,Mexico,Latin America and Caribbean,Short-term targets (within 5 years),a7ba9aa0_4d77301e,MEX.19_1
MX Quintana Roo Region,2015,104000000,Quintana Roo,Region,MEX,MX Quintana Roo Region:2016:2030:21,Absolute emission reduction,2030,21,percent,NZT,tCO2e,https://www.theclimategroup.org/media/15446/download,104000000,2015,https://www.theclimategroup.org/media/15446/download,1325000,2010,78.49056603773585,Mexico,Latin America and Caribbean,Medium-term targets (6-15 years),707d2007_996edcd5,MEX.23_1
MX Quintana Roo Region,2015,104000000,Quintana Roo,Region,MEX,MX Quintana Roo Region:2016:2050:63,Absolute emission reduction,2050,63,percent,NZT,tCO2e,https://www.theclimategroup.org/media/15446/download,104000000,2015,https://www.theclimategroup.org/media/15446/download,1325000,2010,78.49056603773585,Mexico,Latin America and Caribbean,Long-term targets (>15 years),707d2007_996edcd5,MEX.23_1
MX Yucatan Region,2005,10130190,Yucatan,Region,MEX,MX Yucatan Region:2005:2030:40,Absolute emission reduction,2030,40,percent,CDP states regions,tCO2e,CDP states regions,3229065,2018,CDP states regions,2208236,2018,1.4622825640013115,Mexico,Latin America and Caribbean,Medium-term targets (6-15 years),4b185af3_402e24f3,MEX.31_1
PL Greater Poland Region,NA,NA,Greater Poland,Region,POL,PL Greater Poland Region:NA:2040:Climate neutral,Climate neutral,2040,100,percent,NZT,tCO2e,NZT,NA,NA,NZT,3498733,NA,NA,Poland,Europe,Long-term targets (>15 years),6320ccaa_7be588d3,POL.15_1
PL Lesser Poland Voivodeship Region,2018,24,Lesser Poland Voivodeship,Region,POL,PL Lesser Poland Voivodeship Region:2018:2030:40,Absolute emission reduction,2030,40,percent,CDP states regions,tCO2e,CDP states regions,15000000,2018,https://webgate.ec.europa.eu/life/publicWebsite/project/LIFE19-IPC-PL-000005/implementation-of-the-regional-action-plan-for-climate-and-energy-for-the-malopolska-region,3361000,2019,4.462957453138947,Poland,Europe,Medium-term targets (6-15 years),29099c47_e4d88302,POL.6_1
RU Sakhalin Oblast Region,NA,NA,Sakhalin Oblast,Region,RUS,RU Sakhalin Oblast Region:NA:2025:Net zero,Net zero,2025,100,percent,NZT,tCO2e,NZT,NA,NA,NZT,497973,NA,NA,Russia,Eastern Europe and Central Asia,Short-term targets (within 5 years),2615926c_4f9fe896,RUS.61_1
US California Region,1990,431000000,California,Region,USA,US California Region:1990:2030:40,Absolute emission reduction,2030,40,percent,CDP states regions,tCO2e,CDP states regions,369230932,2020,USEIA,39541786,2020,9.337740384311422,United States of America,North America,Medium-term targets (6-15 years),0d45f748_596aca60,USA.5_1
US California Region,1990,431000000,California,Region,USA,US California Region:1990:2045:85,Absolute emission reduction,2045,85,percent,CDP states regions,tCO2e,CDP states regions,369230932,2020,USEIA,39541786,2020,9.337740384311422,United States of America,North America,Long-term targets (>15 years),0d45f748_596aca60,USA.5_1
US California Region,1990,431000000,California,Region,USA,US California Region:NA:2045:Net zero,Net zero,2045,100,percent,NZT,tCO2e,NZT,369230932,2020,USEIA,39541786,2020,9.337740384311422,United States of America,North America,Long-term targets (>15 years),0d45f748_596aca60,USA.5_1
US Colorado Region,2005,95800000,Colorado,Region,USA,US Colorado Region:2005:2025:26,Absolute emission reduction,2025,26,percent,NZT,tCO2e,NZT,79900000,2020,USEIA,5607154,2017,14.249653210880243,United States of America,North America,Short-term targets (within 5 years),14e1c3a2_d59c4283,USA.6_1
US Colorado Region,2005,95800000,Colorado,Region,USA,US Colorado Region:2005:2030:50,Absolute emission reduction,2030,50,percent,USCA,tCO2e,USCA,79900000,2020,USEIA,5607154,2017,14.249653210880243,United States of America,North America,Medium-term targets (6-15 years),14e1c3a2_d59c4283,USA.6_1
US Colorado Region,2005,95800000,Colorado,Region,USA,US Colorado Region:2005:2050:90,Absolute emission reduction,2050,90,percent,NZT,tCO2e,NZT,79900000,2020,USEIA,5607154,2017,14.249653210880243,United States of America,North America,Long-term targets (>15 years),14e1c3a2_d59c4283,USA.6_1
US Connecticut Region,2001,51357263,Connecticut,Region,USA,US Connecticut Region:2001:2030:45,Absolute emission reduction,2030,45,percent,CDP states regions,tCO2e,CDP states regions,33800000,2020,USEIA,3582000,2018,9.43606923506421,United States of America,North America,Medium-term targets (6-15 years),69c1530c_72426375,USA.7_1
US Connecticut Region,2001,51357263,Connecticut,Region,USA,US Connecticut Region:2001:2050:80,Absolute emission reduction,2050,80,percent,CDP states regions,tCO2e,CDP states regions,33800000,2020,USEIA,3582000,2018,9.43606923506421,United States of America,North America,Long-term targets (>15 years),69c1530c_72426375,USA.7_1
US Delaware Region,2005,19300000,Delaware,Region,USA,US Delaware Region:2005:2025:28,Absolute emission reduction,2025,28,percent,NZT,tCO2e,NZT,12500000,2020,USEIA,961939,2017,12.994586974849756,United States of America,North America,Short-term targets (within 5 years),e18888e4_7f66545b,USA.8_1
US Florida Region,1990,189000000,Florida,Region,USA,US Florida Region:1990:2050:80,Absolute emission reduction,2050,80,percent,NZT,tCO2e,NZT,207600000,2020,USEIA,20984400,2017,9.893063418539487,United States of America,North America,Long-term targets (>15 years),5732a4b6_15c854fc,USA.10_1
US Hawaii Region,1990,14950000,Hawaii,Region,USA,US Hawaii Region:1990:2045:90,Absolute emission reduction,2045,90,percent,USCA,tCO2e,NZT,14900000,2020,USEIA,1420491,2017,10.489330801814305,United States of America,North America,Long-term targets (>15 years),cfd599ed_e1a092b4,USA.12_1
US Hawaii Region,1990,14950000,Hawaii,Region,USA,US Hawaii Region:NA:2045:Climate neutral,Climate neutral,2045,100,percent,NZT,tCO2e,NZT,14900000,2020,USEIA,1420491,2017,10.489330801814305,United States of America,North America,Long-term targets (>15 years),cfd599ed_e1a092b4,USA.12_1
US Illinois Region,2005,242000000,Illinois,Region,USA,US Illinois Region:2005:2025:26,Absolute emission reduction,2025,26,percent,NZT,tCO2e,NZT,169900000,2020,USEIA,12802023,2017,13.27134000618496,United States of America,North America,Short-term targets (within 5 years),5d82e62b_a7c3187c,USA.14_1
US Illinois Region,2005,242000000,Illinois,Region,USA,US Illinois Region:NA:2050:Net zero,Net zero,2050,100,percent,NZT,tCO2e,NZT,169900000,2020,USEIA,12802023,2017,13.27134000618496,United States of America,North America,Long-term targets (>15 years),5d82e62b_a7c3187c,USA.14_1
US Louisiana Region,2005,208800000,Louisiana,Region,USA,US Louisiana Region:2005:2025:26,Absolute emission reduction,2025,26,percent,NZT,tCO2e,NZT,183300000,2020,USEIA,4657757,2020,39.35370608642744,United States of America,North America,Short-term targets (within 5 years),38acf7ac_ea653dd4,USA.19_1
US Louisiana Region,2005,208800000,Louisiana,Region,USA,US Louisiana Region:NA:2050:Net zero,Net zero,2050,100,percent,NZT,tCO2e,NZT,183300000,2020,USEIA,4657757,2020,39.35370608642744,United States of America,North America,Long-term targets (>15 years),38acf7ac_ea653dd4,USA.19_1
US Maine Region,1990,21230000,Maine,Region,USA,US Maine Region:1990:2030:45,Absolute emission reduction,2030,45,percent,NZT,tCO2e,NZT,13500000,2020,USEIA,1344212,2017,10.043058684195648,United States of America,North America,Medium-term targets (6-15 years),2e3e7386_0a6e9fb2,USA.20_1
US Maine Region,1990,21230000,Maine,Region,USA,US Maine Region:NA:2045:Carbon neutral(ity),Carbon neutral(ity),2045,100,percent,NZT,tCO2e,NZT,13500000,2020,USEIA,1344212,2017,10.043058684195648,United States of America,North America,Long-term targets (>15 years),2e3e7386_0a6e9fb2,USA.20_1
US Maryland Region,2006,78200000,Maryland,Region,USA,US Maryland Region:2006:2031:60,Absolute emission reduction,2031,60,percent,USCA,tCO2e,USCA,48100000,2020,USEIA,6052177,2017,7.947553417555369,United States of America,North America,Medium-term targets (6-15 years),2c565391_db520b94,USA.21_1
US Maryland Region,2006,78200000,Maryland,Region,USA,US Maryland Region:NA:2045:Net zero,Net zero,2045,100,percent,NZT,tCO2e,NZT,48100000,2020,USEIA,6052177,2017,7.947553417555369,United States of America,North America,Long-term targets (>15 years),2c565391_db520b94,USA.21_1
US Massachusetts Region,1990,82900000,Massachusetts,Region,USA,US Massachusetts Region:1990:2025:33,Absolute emission reduction,2025,33,percent,USCA,tCO2e,USCA,52300000,2020,USEIA,6859819,NA,7.624107866402889,United States of America,North America,Short-term targets (within 5 years),93058659_a7f78c46,USA.22_1
US Massachusetts Region,1990,82900000,Massachusetts,Region,USA,US Massachusetts Region:1990:2030:50,Absolute emission reduction,2030,50,percent,USCA,tCO2e,USCA,52300000,2020,USEIA,6859819,NA,7.624107866402889,United States of America,North America,Medium-term targets (6-15 years),93058659_a7f78c46,USA.22_1
US Massachusetts Region,1990,82900000,Massachusetts,Region,USA,US Massachusetts Region:NA:2050:Net zero,Net zero,2050,100,percent,NZT,tCO2e,NZT,52300000,2020,USEIA,6859819,NA,7.624107866402889,United States of America,North America,Long-term targets (>15 years),93058659_a7f78c46,USA.22_1
US Michigan Region,2005,190100000,Michigan,Region,USA,US Michigan Region:2005:2025:28,Absolute emission reduction,2025,28,percent,USCA,tCO2e,USCA,136800000,2020,USEIA,9962311,2017,13.73175360616628,United States of America,North America,Short-term targets (within 5 years),66f3c548_71a09ae7,USA.23_1
US Michigan Region,2005,190100000,Michigan,Region,USA,US Michigan Region:2005:2030:52,Absolute emission reduction,2030,52,percent,USCA,tCO2e,USCA,136800000,2020,USEIA,9962311,2017,13.73175360616628,United States of America,North America,Medium-term targets (6-15 years),66f3c548_71a09ae7,USA.23_1
US Michigan Region,2005,190100000,Michigan,Region,USA,US Michigan Region:NA:2050:Carbon neutral(ity),Carbon neutral(ity),2050,100,percent,NZT,tCO2e,NZT,136800000,2020,USEIA,9962311,2017,13.73175360616628,United States of America,North America,Long-term targets (>15 years),66f3c548_71a09ae7,USA.23_1
US Minnesota Region,2005,174600000,Minnesota,Region,USA,US Minnesota Region:2005:2025:30,Absolute emission reduction,2025,30,percent,NZT,tCO2e,NZT,78400000,2020,USEIA,5639632,2019,13.901616275671888,United States of America,North America,Short-term targets (within 5 years),0db57edc_e3434818,USA.24_1
US Minnesota Region,2005,174600000,Minnesota,Region,USA,US Minnesota Region:2005:2050:80,Absolute emission reduction,2050,80,percent,NZT,tCO2e,NZT,78400000,2020,USEIA,5639632,2019,13.901616275671888,United States of America,North America,Long-term targets (>15 years),0db57edc_e3434818,USA.24_1
US Montana Region,2005,35900000,Montana,Region,USA,US Montana Region:1990:2050:90,Absolute emission reduction,2050,90,percent,EUCoM2022,tCO2e,"USEIA, MT 2020 climate plan, NZT",26200000,2020,USEIA,1050493,2017,24.940670713655397,United States of America,North America,Long-term targets (>15 years),21edd8b2_2f90d39b,USA.27_1
US Montana Region,2005,35900000,Montana,Region,USA,US Montana Region:NA:2050:GHG neutral(ity),GHG neutral(ity),2050,100,percent,NZT,tCO2e,NZT,26200000,2020,USEIA,1050493,2017,24.940670713655397,United States of America,North America,Long-term targets (>15 years),21edd8b2_2f90d39b,USA.27_1
US Nevada Region,2005,60362000,Nevada,Region,USA,US Nevada Region:2005:2025:28,Absolute emission reduction,2025,28,percent,NZT,tCO2e,NZT,36200000,2020,USEIA,3080156,2017,11.752651489080424,United States of America,North America,Short-term targets (within 5 years),d7197f07_50045747,USA.29_1
US Nevada Region,2005,60362000,Nevada,Region,USA,US Nevada Region:NA:2050:Net zero,Net zero,2050,100,percent,NZT,tCO2e,NZT,36200000,2020,USEIA,3080156,2017,11.752651489080424,United States of America,North America,Long-term targets (>15 years),d7197f07_50045747,USA.29_1
US New Jersey Region,2006,123100000,New Jersey,Region,USA,US New Jersey Region:2006:2030:50,Absolute emission reduction,2030,50,percent,USCA,tCO2e,USCA,83800000,2020,USEIA,9005644,2017,9.305275669346912,United States of America,North America,Medium-term targets (6-15 years),3c64e08d_a1b3de25,USA.31_1
US New Jersey Region,2006,123100000,New Jersey,Region,USA,US New Jersey Region:2006:2050:80,Absolute emission reduction,2050,80,percent,NZT,tCO2e,NZT,83800000,2020,USEIA,9005644,2017,9.305275669346912,United States of America,North America,Long-term targets (>15 years),3c64e08d_a1b3de25,USA.31_1
US New Mexico Region,2005,80900000,New Mexico,Region,USA,US New Mexico Region:2005:2030:45,Absolute emission reduction,2030,45,percent,NZT,tCO2e,NZT,45200000,2020,USEIA,2088070,2017,21.646783872188195,United States of America,North America,Medium-term targets (6-15 years),a451f157_a05c9d1b,USA.32_1
US New York Region,1990,409780000,New York,Region,USA,US New York Region:1990:2030:40,Absolute emission reduction,2030,40,percent,NZT,tCO2e,NZT,143400000,2020,USEIA,19453561,2018,7.371401050943835,United States of America,North America,Medium-term targets (6-15 years),16ede738_30b60bf5,USA.33_1
US New York Region,1990,409780000,New York,Region,USA,US New York Region:1990:2050:85,Absolute emission reduction,2050,85,percent,CDP states regions,tCO2e,CDP states regions,143400000,2020,USEIA,19453561,2018,7.371401050943835,United States of America,North America,Long-term targets (>15 years),16ede738_30b60bf5,USA.33_1
US New York Region,1990,409780000,New York,Region,USA,US New York Region:NA:2050:Net zero,Net zero,2050,100,percent,NZT,tCO2e,NZT,143400000,2020,USEIA,19453561,2018,7.371401050943835,United States of America,North America,Long-term targets (>15 years),16ede738_30b60bf5,USA.33_1
US North Carolina Region,2005,154200000,North Carolina,Region,USA,US North Carolina Region:2005:2025:40,Absolute emission reduction,2025,40,percent,NZT,tCO2e,USCA,106500000,2020,USEIA,10273419,2017,10.366558591643152,United States of America,North America,Short-term targets (within 5 years),1f3d9e27_427d519f,USA.34_1
US North Carolina Region,2005,154200000,North Carolina,Region,USA,US North Carolina Region:2005:2030:50,Absolute emission reduction,2030,50,percent,USCA,tCO2e,USCA,106500000,2020,USEIA,10273419,2017,10.366558591643152,United States of America,North America,Medium-term targets (6-15 years),1f3d9e27_427d519f,USA.34_1
US North Dakota Region,NA,NA,North Dakota,Region,USA,US North Dakota Region:NA:2030:Carbon neutral(ity),Carbon neutral(ity),2030,100,percent,NZT,tCO2e,NZT,54300000,2020,USEIA,762062,NA,71.25404494647417,United States of America,North America,Medium-term targets (6-15 years),c32fb990_f7cb4222,USA.35_1
US Oregon Region,1990,57741691,Oregon,Region,USA,US Oregon Region:1990:2034:45,Absolute emission reduction,2034,45,percent,USCA,tCO2e,CDP states regions,37500000,2020,USEIA,4216116,2019,8.894442183279587,United States of America,North America,Medium-term targets (6-15 years),dfd0cdfe_751f9e46,USA.38_1
US Oregon Region,1990,57741691,Oregon,Region,USA,US Oregon Region:1990:2050:80,Absolute emission reduction,2050,80,percent,NZT,tCO2e,CDP states regions,37500000,2020,USEIA,4216116,2019,8.894442183279587,United States of America,North America,Long-term targets (>15 years),dfd0cdfe_751f9e46,USA.38_1
US Pennsylvania Region,2005,300000000,Pennsylvania,Region,USA,US Pennsylvania Region:2005:2025:26,Absolute emission reduction,2025,26,percent,NZT,tCO2e,USCA,193200000,2020,USEIA,12805537,2017,15.08722359710491,United States of America,North America,Short-term targets (within 5 years),7d67c171_19a58577,USA.39_1
US Pennsylvania Region,2005,300000000,Pennsylvania,Region,USA,US Pennsylvania Region:2005:2050:80,Absolute emission reduction,2050,80,percent,NZT,tCO2e,USCA,193200000,2020,USEIA,12805537,2017,15.08722359710491,United States of America,North America,Long-term targets (>15 years),7d67c171_19a58577,USA.39_1
US Rhode Island Region,1990,12480000,Rhode Island,Region,USA,US Rhode Island Region:1990:2050:80,Absolute emission reduction,2050,80,percent,NZT,tCO2e,USCA,9800000,2020,USEIA,1059639,2018,9.248432720954966,United States of America,North America,Long-term targets (>15 years),307acd51_56cf7b4d,USA.40_1
US Utah Region,2005,67900000,Utah,Region,USA,US Utah Region:2005:2025:25,Absolute emission reduction,2025,25,percent,NZT,tCO2e,NZT,57400000,2020,USEIA,3271616,2020,17.544846338934644,United States of America,North America,Short-term targets (within 5 years),10da9b51_8cb7532d,USA.45_1
US Utah Region,2005,67900000,Utah,Region,USA,US Utah Region:2005:2050:80,Absolute emission reduction,2050,80,percent,NZT,tCO2e,NZT,57400000,2020,USEIA,3271616,2020,17.544846338934644,United States of America,North America,Long-term targets (>15 years),10da9b51_8cb7532d,USA.45_1
US Vermont Region,1990,5500000,Vermont,Region,USA,US Vermont Region:1990:2030:80,Absolute emission reduction,2030,80,percent,USCA,tCO2e,USCA,5400000,2020,USEIA,623657,2017,8.658605611738503,United States of America,North America,Medium-term targets (6-15 years),1a67bd7f_b99db17b,USA.46_1
US Vermont Region,2005,6800000,Vermont,Region,USA,US Vermont Region:2005:2025:26,Absolute emission reduction,2025,26,percent,USCA,tCO2e,USCA,5400000,2020,USEIA,623657,2017,8.658605611738503,United States of America,North America,Short-term targets (within 5 years),1a67bd7f_b99db17b,USA.46_1
US Virginia Region,2005,131100000,Virginia,Region,USA,US Virginia Region:NA:2045:0,Absolute emission reduction,2045,100,tCO2e,CDP states regions,tCO2e,CDP states regions,98200000,2020,USEIA,8501000,2018,11.551582166803906,United States of America,North America,Long-term targets (>15 years),c2324a9b_e712c77e,USA.47_1
US Washington Region,1990,90498300,Washington State,Region,USA,US Washington State Region:1990:2030:45,Absolute emission reduction,2030,45,percent,USCA,tCO2e,USCA,68400000,2020,USEIA,7740745,NA,8.83635877425235,United States of America,North America,Medium-term targets (6-15 years),060ca0a7_60a401b9,USA.48_1
US Washington Region,1990,90498300,Washington State,Region,USA,US Washington Region:NA:2050:Net zero,Net zero,2050,100,percent,NZT,tCO2e,NZT,68400000,2020,USEIA,7740745,NA,8.83635877425235,United States of America,North America,Long-term targets (>15 years),060ca0a7_60a401b9,USA.48_1
US Wisconsin Region,2005,110955633.2,Wisconsin,Region,USA,US Wisconsin Region:2005:2025:27,Absolute emission reduction,2025,27,percent,USCA,tCO2e,USCA,87000000,2020,USEIA,5893718,2020,14.761479935076636,United States of America,North America,Short-term targets (within 5 years),28a1ec65_596468d6,USA.50_1
