uesi_id,nbhd_code,nbhd_name,layer,path,fid,GID_0,COUNTRY,GID_1,NAME_1,NL_NAME_1,TYPE_1,ENGTYPE_1,CC_1,HASC_1,ISO_1
RUS_R337422,RUS_R337422_1,ÐœÐµÑ‚Ð°Ð»Ð»Ð¾ÑÑ‚Ñ€Ð¾Ð¹,RUS_R337422,C:/Users/dcmg2/Documents/GitHub/urban-epi/UESI 2023/indicators/spatial/RUS_R337422.geojson,,,,RUS.14_1,,,,,,,
BEN_R2851879,BEN_R2851879_1,9ème Arrondissement,BEN_R2851879,C:/Users/dcmg2/Documents/GitHub/urban-epi/UESI 2023/indicators/spatial/BEN_R2851879.geojson,"208",BEN,Benin,BEN.8_1,Littoral,NA,Département,Department,NA,BJ.LI,BJ-LI
BRA_R368782,BRA_R368782_2,Alípio de Melo,BRA_R368782,C:/Users/dcmg2/Documents/GitHub/urban-epi/UESI 2023/indicators/spatial/BRA_R368782.geojson,"351",BRA,Brazil,BRA.13_1,Minas Gerais,NA,Estado,State,NA,BR.MG,BR-MG
KOR_R2399220,KOR_R2399220_1,동구,KOR_R2399220,C:/Users/dcmg2/Documents/GitHub/urban-epi/UESI 2023/indicators/spatial/KOR_R2399220.geojson,"1595",KOR,South Korea,KOR.7_1,Gwangju,광주광역시 | 光州廣域市,Gwangyeoksi,Metropolitan City,NA,KR.KJ,KR-29
FRA_R35738,FRA_R35738_2,Capitole,FRA_R35738,C:/Users/dcmg2/Documents/GitHub/urban-epi/UESI 2023/indicators/spatial/FRA_R35738.geojson,"948",FRA,France,FRA.11_1,Occitanie,NA,Région,Region,NA,FR.LP,FR-OCC
POL_R336075,POL_R336075_1,Ochota,POL_R336075,C:/Users/dcmg2/Documents/GitHub/urban-epi/UESI 2023/indicators/spatial/POL_R336075.geojson,"2456",POL,Poland,POL.7_1,Mazowieckie,NA,Województwo,Voivodeship,"14",NA,PL-14
RUS_R4442556,RUS_R4442556_1,ÐšÑƒÑ€Ñ‡Ð°Ñ‚Ð¾Ð²ÑÐºÐ¸Ð¹ Ñ€Ð°Ð¹Ð¾Ð½,RUS_R4442556,C:/Users/dcmg2/Documents/GitHub/urban-epi/UESI 2023/indicators/spatial/RUS_R4442556.geojson,"2666",RUS,Russia,RUS.11_1,Chelyabinsk,Челябинская область,Oblast,Region,NA,RU.CL,NA
BRA_R302588,BRA_R302588_2,Genibau,BRA_R302588,C:/Users/dcmg2/Documents/GitHub/urban-epi/UESI 2023/indicators/spatial/BRA_R302588.geojson,"344",BRA,Brazil,BRA.6_1,Ceará,NA,Estado,State,NA,BR.CE,NA
THA_R92277,THA_R92277_008,Bang Phlat,THA_R92277,C:/Users/dcmg2/Documents/GitHub/urban-epi/UESI 2023/indicators/spatial/THA_R92277.geojson,"3024",THA,Thailand,THA.3_1,Bangkok Metropolis,จังหวัดเชียงใหม่,Changwat,Province,"10",TH.BM,NA
NLD_R271110,NLD_R271110_093,Amstel III/Bullewijk,NLD_R271110,C:/Users/dcmg2/Documents/GitHub/urban-epi/UESI 2023/indicators/spatial/NLD_R271110.geojson,"2210",NLD,Netherlands,NLD.9_1,Noord-Holland,NA,Provincie,Province,NA,NL.NH,NL-NH
CHN_R3164669,CHN_R3164669_5,青阳县,CHN_R3164669,C:/Users/dcmg2/Documents/GitHub/urban-epi/UESI 2023/indicators/spatial/CHN_R3164669.geojson,"489",CHN,China,CHN.1_1,Anhui,安徽|安徽,Shěng,Province,NA,CN.AH,CN-AH
JPN_R358674,JPN_R358674_1,"27104",JPN_R358674,C:/Users/dcmg2/Documents/GitHub/urban-epi/UESI 2023/indicators/spatial/JPN_R358674.geojson,"1465",JPN,Japan,JPN.33_1,Osaka,大阪府,Fu,Urban Prefecture,NA,JP.OS,JP-27
MOZ_R3348644,MOZ_R3348644_1,NLHAMANKULU,MOZ_R3348644,C:/Users/dcmg2/Documents/GitHub/urban-epi/UESI 2023/indicators/spatial/MOZ_R3348644.geojson,,,,MOZ.5_1,,,,,,,
JPN_R1767047,JPN_R1767047_1,"11104",JPN_R1767047,C:/Users/dcmg2/Documents/GitHub/urban-epi/UESI 2023/indicators/spatial/JPN_R1767047.geojson,"1467",JPN,Japan,JPN.35_1,Saitama,埼玉県,Ken,Prefecture,NA,JP.ST,JP-11
NOR_R406091,NOR_R406091_1,Bjerke,NOR_R406091,C:/Users/dcmg2/Documents/GitHub/urban-epi/UESI 2023/indicators/spatial/NOR_R406091.geojson,"2227",NOR,Norway,NOR.12_1,Oslo,NA,Fylke,County,NA,NO.OS,NO-03
USA_R142497,USA_R142497_1,Census Tract 4.02,USA_R142497,C:/Users/dcmg2/Documents/GitHub/urban-epi/UESI 2023/indicators/spatial/USA_R142497.geojson,"3438",USA,United States,USA.27_1,Montana,NA,State,State,NA,US.MT,US-MT
USA_R188553,USA_R188553_1,Squirrel Hill South,USA_R188553,C:/Users/dcmg2/Documents/GitHub/urban-epi/UESI 2023/indicators/spatial/USA_R188553.geojson,"3450",USA,United States,USA.39_1,Pennsylvania,NA,State,State,NA,US.PA,US-PA
FRA_R28722,FRA_R28722_2,HOPITAUX-FACULTES,FRA_R28722,C:/Users/dcmg2/Documents/GitHub/urban-epi/UESI 2023/indicators/spatial/FRA_R28722.geojson,"948",FRA,France,FRA.11_1,Occitanie,NA,Région,Region,NA,FR.LP,FR-OCC
USA_R2688911,USA_R2688911_1,Census Tract 2316,USA_R2688911,C:/Users/dcmg2/Documents/GitHub/urban-epi/UESI 2023/indicators/spatial/USA_R2688911.geojson,"3455",USA,United States,USA.44_1,Texas,NA,State,State,NA,US.TX,US-TX
CHN_R2782246,CHN_R2782246_11,白云区,CHN_R2782246,C:/Users/dcmg2/Documents/GitHub/urban-epi/UESI 2023/indicators/spatial/CHN_R2782246.geojson,"496",CHN,China,CHN.8_1,Guizhou,貴州|贵州,Shěng,Province,NA,CN.GZ,CN-GZ
USA_R184985,USA_R184985_1,Census Tract 76.30,USA_R184985,C:/Users/dcmg2/Documents/GitHub/urban-epi/UESI 2023/indicators/spatial/USA_R184985.geojson,"3448",USA,United States,USA.37_1,Oklahoma,NA,State,State,NA,US.OK,US-OK
CHN_R3009732,CHN_R3009732_1,长安区,CHN_R3009732,C:/Users/dcmg2/Documents/GitHub/urban-epi/UESI 2023/indicators/spatial/CHN_R3009732.geojson,"498",CHN,China,CHN.10_1,Hebei,河北,Shěng,Province,NA,CN.HB,CN-HE
GTM_R67992,GTM_R67992_2,Zona 15,GTM_R67992,C:/Users/dcmg2/Documents/GitHub/urban-epi/UESI 2023/indicators/spatial/GTM_R67992.geojson,"1073",GTM,Guatemala,GTM.7_1,Guatemala,NA,Departamento,Department,NA,GT.GU,GT-01
PRT_R3372453,PRT_R3372453_123,Aldoar,PRT_R3372453,C:/Users/dcmg2/Documents/GitHub/urban-epi/UESI 2023/indicators/spatial/PRT_R3372453.geojson,"2572",PRT,Portugal,PRT.15_1,Porto,NA,Distrito,District,NA,PT.PO,PT-13
USA_R122604,USA_R122604_17,Douglas,USA_R122604,C:/Users/dcmg2/Documents/GitHub/urban-epi/UESI 2023/indicators/spatial/USA_R122604.geojson,"3425",USA,United States,USA.14_1,Illinois,NA,State,State,NA,US.IL,US-IL
AUS_R4246124,AUS_R4246124_2,Brunswick East,AUS_R4246124,C:/Users/dcmg2/Documents/GitHub/urban-epi/UESI 2023/indicators/spatial/AUS_R4246124.geojson,"160",AUS,Australia,AUS.10_1,Victoria,NA,State,State,"2",AU.VI,AU-VIC
PRY_R3654543,PRY_R3654543_123,MARISCAL JOSE FELIX ESTIGARRIBIA,PRY_R3654543,C:/Users/dcmg2/Documents/GitHub/urban-epi/UESI 2023/indicators/spatial/PRY_R3654543.geojson,"2581",PRY,Paraguay,PRY.4_1,Asunción,NA,Distrito Capital,Capital District,NA,PY.AS,NA
CAN_R4136816,CAN_R4136816_2,2021S05075050003.00,CAN_R4136816,C:/Users/dcmg2/Documents/GitHub/urban-epi/UESI 2023/indicators/spatial/CAN_R4136816.geojson,"442",CAN,Canada,CAN.9_1,Ontario,NA,Province,Province,"35",CA.ON,CA-ON
CAN_R324211,CAN_R324211_2,2021S05075350128.04,CAN_R324211,C:/Users/dcmg2/Documents/GitHub/urban-epi/UESI 2023/indicators/spatial/CAN_R324211.geojson,"442",CAN,Canada,CAN.9_1,Ontario,NA,Province,Province,"35",CA.ON,CA-ON
USA_R133345,USA_R133345_1,baltimore_1,USA_R133345,C:/Users/dcmg2/Documents/GitHub/urban-epi/UESI 2023/indicators/spatial/USA_R133345.geojson,"3432",USA,United States,USA.21_1,Maryland,NA,State,State,NA,US.MD,US-MD
AGO_R11704226,AGO_R11704226_1,Samba,AGO_R11704226,C:/Users/dcmg2/Documents/GitHub/urban-epi/UESI 2023/indicators/spatial/AGO_R11704226.geojson,"45",AGO,Angola,AGO.11_1,Luanda,NA,Província,Province,"11",AO.LU,AO-LUA
ESP_R339549,ESP_R339549_2,Abando 1,ESP_R339549,C:/Users/dcmg2/Documents/GitHub/urban-epi/UESI 2023/indicators/spatial/ESP_R339549.geojson,"898",ESP,Spain,ESP.16_1,País Vasco,NA,Comunidad Autónoma,Autonomous Community,"16",ES.PV,NA
TUR_R223474,TUR_R223474_1,Avcılar,TUR_R223474,C:/Users/dcmg2/Documents/GitHub/urban-epi/UESI 2023/indicators/spatial/TUR_R223474.geojson,"3209",TUR,Turkey,TUR.40_1,Istanbul,NA,Il,Province,NA,TR.IB,TR-34
SWE_R398021,SWE_R398021_1,Långbro,SWE_R398021,C:/Users/dcmg2/Documents/GitHub/urban-epi/UESI 2023/indicators/spatial/SWE_R398021.geojson,"2937",SWE,Sweden,SWE.15_1,Stockholm,NA,Län,County,NA,SE.ST,NA
TWN_R2127210,TWN_R2127210_1,維新里,TWN_R2127210,C:/Users/dcmg2/Documents/GitHub/urban-epi/UESI 2023/indicators/spatial/TWN_R2127210.geojson,"3266",TWN,Taiwan,TWN.7_1,Taiwan,台灣,Shěng,Province,NA,TW.TA,NA
BRA_R298285,BRA_R298285_001,Água Rasa,BRA_R298285,C:/Users/dcmg2/Documents/GitHub/urban-epi/UESI 2023/indicators/spatial/BRA_R298285.geojson,"363",BRA,Brazil,BRA.25_1,São Paulo,NA,Estado,State,NA,BR.SP,NA
CHN_R3289341,CHN_R3289341_2,永嘉县,CHN_R3289341,C:/Users/dcmg2/Documents/GitHub/urban-epi/UESI 2023/indicators/spatial/CHN_R3289341.geojson,"525",CHN,China,CHN.31_1,Zhejiang,浙江,Shěng,Province,NA,CN.ZJ,CN-ZJ
USA_R251075,USA_R251075_1,"Census Tract 1.01, Milwaukee, WI",USA_R251075,C:/Users/dcmg2/Documents/GitHub/urban-epi/UESI 2023/indicators/spatial/USA_R251075.geojson,"3461",USA,United States,USA.50_1,Wisconsin,NA,State,State,NA,US.WI,US-WI
ITA_R39513,ITA_R39513_2,Prima Circoscrizione,ITA_R39513,C:/Users/dcmg2/Documents/GitHub/urban-epi/UESI 2023/indicators/spatial/ITA_R39513.geojson,"1389",ITA,Italy,ITA.15_1,Sicily,NA,Regione,Autonomous Region,"19",NA,NA
PER_R12933390,PER_R12933390_041,SURQUILLO,PER_R12933390,C:/Users/dcmg2/Documents/GitHub/urban-epi/UESI 2023/indicators/spatial/PER_R12933390.geojson,"2320",PER,Peru,PER.15_1,Lima Province,NA,Provincia,Province,"15",PE.LP,NA
JPN_R4135014,JPN_R4135014_2,"04101",JPN_R4135014,C:/Users/dcmg2/Documents/GitHub/urban-epi/UESI 2023/indicators/spatial/JPN_R4135014.geojson,"1456",JPN,Japan,JPN.24_1,Miyagi,宮城県,Ken,Prefecture,NA,JP.MG,JP-04
KAZ_R3087155,KAZ_R3087155_4,"район ""Есиль""",KAZ_R3087155,C:/Users/dcmg2/Documents/GitHub/urban-epi/UESI 2023/indicators/spatial/KAZ_R3087155.geojson,"1481",KAZ,Kazakhstan,KAZ.2_1,Aqmola,NA,Oblasy,Region,NA,KZ.AM,NA
TGO_R6607308,TGO_R6607308_1,1er Arrondissement,TGO_R6607308,C:/Users/dcmg2/Documents/GitHub/urban-epi/UESI 2023/indicators/spatial/TGO_R6607308.geojson,"3019",TGO,Togo,TGO.3_1,Maritime,NA,Région,Region,NA,TG.MA,TG-M
JPN_R3939644,JPN_R3939644_1,"33102",JPN_R3939644,C:/Users/dcmg2/Documents/GitHub/urban-epi/UESI 2023/indicators/spatial/JPN_R3939644.geojson,"1463",JPN,Japan,JPN.31_1,Okayama,岡山県,Ken,Prefecture,NA,JP.OY,JP-33
GTM_R9599315,GTM_R9599315_1,Zona 5 de Villa Nueva,GTM_R9599315,C:/Users/dcmg2/Documents/GitHub/urban-epi/UESI 2023/indicators/spatial/GTM_R9599315.geojson,"1073",GTM,Guatemala,GTM.7_1,Guatemala,NA,Departamento,Department,NA,GT.GU,GT-01
LBR_R4001311,LBR_R4001311_1,Z700 Pyne People,LBR_R4001311,C:/Users/dcmg2/Documents/GitHub/urban-epi/UESI 2023/indicators/spatial/LBR_R4001311.geojson,"1648",LBR,Liberia,LBR.11_1,Montserrado,NA,County,County,"30",LR.MO,LR-MO
VEN_R11219583,VEN_R11219583_123,Altagracia,VEN_R11219583,C:/Users/dcmg2/Documents/GitHub/urban-epi/UESI 2023/indicators/spatial/VEN_R11219583.geojson,"3493",VEN,Venezuela,VEN.11_1,Distrito Capital,NA,Estado,State,NA,NA,VE-A
USA_R169759,USA_R169759_1,Census Tract 66.04,USA_R169759,C:/Users/dcmg2/Documents/GitHub/urban-epi/UESI 2023/indicators/spatial/USA_R169759.geojson,"3439",USA,United States,USA.28_1,Nebraska,NA,State,State,NA,US.NE,US-NE
COL_R13466699,COL_R13466699_1,Localidad Suroriente,COL_R13466699,C:/Users/dcmg2/Documents/GitHub/urban-epi/UESI 2023/indicators/spatial/COL_R13466699.geojson,"602",COL,Colombia,COL.4_2,Atlántico,NA,Departamento,Department,NA,CO.AT,NA
CHN_R3076268,CHN_R3076268_123,Caidian District,CHN_R3076268,C:/Users/dcmg2/Documents/GitHub/urban-epi/UESI 2023/indicators/spatial/CHN_R3076268.geojson,"502",CHN,China,CHN.13_1,Hubei,湖北,Shěng,Province,NA,CN.HU,CN-HB
CHN_R2752472,CHN_R2752472_9,米东区,CHN_R2752472,C:/Users/dcmg2/Documents/GitHub/urban-epi/UESI 2023/indicators/spatial/CHN_R2752472.geojson,"518",CHN,China,CHN.28_1,Xinjiang Uygur,新疆維吾爾自治區|新疆维吾尔自治区,Zìzhìqu,Autonomous Region,NA,CN.XJ,CN-XJ
DNK_N13707878,DNK_N13707878_2,Middelalderbyen,DNK_N13707878,C:/Users/dcmg2/Documents/GitHub/urban-epi/UESI 2023/indicators/spatial/DNK_N13707878.geojson,"737",DNK,Denmark,DNK.1_1,Hovedstaden,NA,Region,Region,NA,DK.HS,DK-84
ITA_R39230,ITA_R39230_2,Centro,ITA_R39230,C:/Users/dcmg2/Documents/GitHub/urban-epi/UESI 2023/indicators/spatial/ITA_R39230.geojson,"1389",ITA,Italy,ITA.15_1,Sicily,NA,Regione,Autonomous Region,"19",NA,NA
CHN_R3464353,CHN_R3464353_1,Dapeng New District,CHN_R3464353,C:/Users/dcmg2/Documents/GitHub/urban-epi/UESI 2023/indicators/spatial/CHN_R3464353.geojson,"494",CHN,China,CHN.6_1,Guangdong,廣東|广东,Shěng,Province,NA,CN.GD,CN-GD
FIN_R36097,FIN_R36097_2,Suur-Leppävaara,FIN_R36097,C:/Users/dcmg2/Documents/GitHub/urban-epi/UESI 2023/indicators/spatial/FIN_R36097.geojson,"931",FIN,Finland,FIN.4_1,Southern Finland,NA,Lääni,Province,NA,FI.ES,NA
USA_R2605259,USA_R2605259_1,Census Tract 16.01,USA_R2605259,C:/Users/dcmg2/Documents/GitHub/urban-epi/UESI 2023/indicators/spatial/USA_R2605259.geojson,"3413",USA,United States,USA.2_1,Alaska,NA,State,State,NA,US.AK,US-AK
HUN_R37244,HUN_R37244_1,Budapest I. kerulet,HUN_R37244,C:/Users/dcmg2/Documents/GitHub/urban-epi/UESI 2023/indicators/spatial/HUN_R37244.geojson,"1173",HUN,Hungary,HUN.5_1,Budapest,NA,Fovaros,Capital City,NA,HU.BU,HU-BU
ALB_R1250106,ALB_R1250106_1,Njësia Bashkiake Nr. 10,ALB_R1250106,C:/Users/dcmg2/Documents/GitHub/urban-epi/UESI 2023/indicators/spatial/ALB_R1250106.geojson,"84",ALB,Albania,ALB.11_1,Tiranë,NA,Qark,County,"80042",AL.TI,NA
COL_R13473965,COL_R13473965_3,Comuna 11 - Ferias,COL_R13473965,C:/Users/dcmg2/Documents/GitHub/urban-epi/UESI 2023/indicators/spatial/COL_R13473965.geojson,"628",COL,Colombia,COL.30_2,Tolima,NA,Departamento,Department,NA,CO.TO,CO-TOL
USA_R119557,USA_R119557_001,14000US13121007705,USA_R119557,C:/Users/dcmg2/Documents/GitHub/urban-epi/UESI 2023/indicators/spatial/USA_R119557.geojson,"3422",USA,United States,USA.11_1,Georgia,NA,State,State,NA,US.GA,US-GA
PAN_R8415626,PAN_R8415626_123,PARQUE LEFEVRE,PAN_R8415626,C:/Users/dcmg2/Documents/GitHub/urban-epi/UESI 2023/indicators/spatial/PAN_R8415626.geojson,"2302",PAN,Panama,PAN.12_1,Panamá,NA,Provincia,Province,NA,PA.PN,NA
ESP_R344953,ESP_R344953_2,Ciutat Vella,ESP_R344953,C:/Users/dcmg2/Documents/GitHub/urban-epi/UESI 2023/indicators/spatial/ESP_R344953.geojson,"892",ESP,Spain,ESP.10_1,Comunidad Valenciana,NA,Comunidad Autónoma,Autonomous Community,"10",ES.VC,NA
USA_N18948478,USA_N18948478_1,Census Tract 1275.01,USA_N18948478,C:/Users/dcmg2/Documents/GitHub/urban-epi/UESI 2023/indicators/spatial/USA_N18948478.geojson,"3447",USA,United States,USA.36_1,Ohio,NA,State,State,NA,US.OH,US-OH
ITA_R42602,ITA_R42602_2,Centro Storico,ITA_R42602,C:/Users/dcmg2/Documents/GitHub/urban-epi/UESI 2023/indicators/spatial/ITA_R42602.geojson,"1390",ITA,Italy,ITA.16_1,Toscana,NA,Regione,Region,"9",NA,IT-52
USA_R134591,USA_R134591_001,14000US26163517300,USA_R134591,C:/Users/dcmg2/Documents/GitHub/urban-epi/UESI 2023/indicators/spatial/USA_R134591.geojson,"3434",USA,United States,USA.23_1,Michigan,NA,State,State,NA,US.MI,US-MI
KOR_R2297418,KOR_R2297418_001,Gangdong-gu,KOR_R2297418,C:/Users/dcmg2/Documents/GitHub/urban-epi/UESI 2023/indicators/spatial/KOR_R2297418.geojson,"1604",KOR,South Korea,KOR.16_1,Seoul,서울특별시,Teukbyeolsi,Capital Metropolitan City,NA,KR.SO,KR-11
FRA_R7444,FRA_R7444_009,"60170",FRA_R7444,C:/Users/dcmg2/Documents/GitHub/urban-epi/UESI 2023/indicators/spatial/FRA_R7444.geojson,"945",FRA,France,FRA.8_1,Île-de-France,NA,Région,Region,NA,FR.IF,NA
TZA_R1600774,TZA_R1600774_1,Viwandani,TZA_R1600774,C:/Users/dcmg2/Documents/GitHub/urban-epi/UESI 2023/indicators/spatial/TZA_R1600774.geojson,"3269",TZA,Tanzania,TZA.3_1,Dodoma,NA,Mkoa,Region,"01",TZ.DO,TZ-03
ESP_R341381,ESP_R341381_2,Distrito 9-zona Oia Coruxo,ESP_R341381,C:/Users/dcmg2/Documents/GitHub/urban-epi/UESI 2023/indicators/spatial/ESP_R341381.geojson,"894",ESP,Spain,ESP.12_1,Galicia,NA,Comunidad Autónoma,Autonomous Community,"12",ES.GA,ES-GA
ESP_R342563,ESP_R342563_2,Sevilla sub-city dist. No. 3-B,ESP_R342563,C:/Users/dcmg2/Documents/GitHub/urban-epi/UESI 2023/indicators/spatial/ESP_R342563.geojson,"883",ESP,Spain,ESP.1_1,Andalucía,NA,Comunidad Autónoma,Autonomous Community,"01",ES.AN,NA
IDN_R5978331,IDN_R5978331_1,Baiturrahman,IDN_R5978331,C:/Users/dcmg2/Documents/GitHub/urban-epi/UESI 2023/indicators/spatial/IDN_R5978331.geojson,"1189",IDN,Indonesia,IDN.1_1,Aceh,NA,Propinisi,Province,"11",ID.AC,ID-AC
JPN_R4097196,JPN_R4097196_1,"34101",JPN_R4097196,C:/Users/dcmg2/Documents/GitHub/urban-epi/UESI 2023/indicators/spatial/JPN_R4097196.geojson,"1443",JPN,Japan,JPN.11_1,Hiroshima,広島県,Ken,Prefecture,NA,JP.HS,JP-34
ESP_R5326784,ESP_R5326784_2,Puerta del Angel-1,ESP_R5326784,C:/Users/dcmg2/Documents/GitHub/urban-epi/UESI 2023/indicators/spatial/ESP_R5326784.geojson,"890",ESP,Spain,ESP.8_1,Comunidad de Madrid,NA,Comunidad Autónoma,Autonomous Community,NA,ES.MD,NA
ESP_R2902364,ESP_R2902364_2,Murcia sub-city dist. No. 6-B,ESP_R2902364,C:/Users/dcmg2/Documents/GitHub/urban-epi/UESI 2023/indicators/spatial/ESP_R2902364.geojson,"900",ESP,Spain,ESP.18_1,Región de Murcia,NA,Comunidad Autónoma,Autonomous Community,"14",ES.MU,NA
JPN_R4237973,JPN_R4237973_1,"15104",JPN_R4237973,C:/Users/dcmg2/Documents/GitHub/urban-epi/UESI 2023/indicators/spatial/JPN_R4237973.geojson,"1461",JPN,Japan,JPN.29_1,Niigata,新潟県,Ken,Prefecture,NA,JP.NI,JP-15
MRT_R3395130,MRT_R3395130_1,Arafat,MRT_R3395130,C:/Users/dcmg2/Documents/GitHub/urban-epi/UESI 2023/indicators/spatial/MRT_R3395130.geojson,"2039",MRT,Mauritania,MRT.10_1,Nouakchott,NA,District,District,NA,MR.NO,NA
UKR_R1748539,UKR_R1748539_1,Кальміуський район,UKR_R1748539,C:/Users/dcmg2/Documents/GitHub/urban-epi/UESI 2023/indicators/spatial/UKR_R1748539.geojson,"3362",UKR,Ukraine,UKR.6_1,Donets'k,Доне́цька,Oblast',Region,NA,UA.DT,NA
ESP_R347950,ESP_R347950_2,l'Antiga Esquerra de l'Eixample nord,ESP_R347950,C:/Users/dcmg2/Documents/GitHub/urban-epi/UESI 2023/indicators/spatial/ESP_R347950.geojson,"888",ESP,Spain,ESP.6_1,Cataluña,NA,Comunidad Autónoma,Autonomous Community,"09",ES.CT,NA
USA_R36074,USA_R36074_1,Lackawanna,USA_R36074,C:/Users/dcmg2/Documents/GitHub/urban-epi/UESI 2023/indicators/spatial/USA_R36074.geojson,"3444",USA,United States,USA.33_1,New York,NA,State,State,NA,US.NY,US-NY
IDN_R6362934,IDN_R6362934_2,Maphar,IDN_R6362934,C:/Users/dcmg2/Documents/GitHub/urban-epi/UESI 2023/indicators/spatial/IDN_R6362934.geojson,"1195",IDN,Indonesia,IDN.7_1,Jakarta Raya,NA,Propinisi,Province,"31",ID.JK,ID-JK
CHN_R2131524,CHN_R2131524_123,Gaochun District,CHN_R2131524,C:/Users/dcmg2/Documents/GitHub/urban-epi/UESI 2023/indicators/spatial/CHN_R2131524.geojson,"504",CHN,China,CHN.15_1,Jiangsu,江蘇|江苏,Shěng,Province,NA,CN.JS,CN-JS
USA_R111968,USA_R111968_1,Hayes Valley,USA_R111968,C:/Users/dcmg2/Documents/GitHub/urban-epi/UESI 2023/indicators/spatial/USA_R111968.geojson,"3416",USA,United States,USA.5_1,California,NA,State,State,NA,US.CA,US-CA
COL_R13111838,COL_R13111838_1,Comuna 1,COL_R13111838,C:/Users/dcmg2/Documents/GitHub/urban-epi/UESI 2023/indicators/spatial/COL_R13111838.geojson,"609",COL,Colombia,COL.11_2,Cauca,NA,Departamento,Department,NA,CO.CA,CO-CAU
IND_R7902476,IND_R7902476_105,Kempegowda Ward,IND_R7902476,C:/Users/dcmg2/Documents/GitHub/urban-epi/UESI 2023/indicators/spatial/IND_R7902476.geojson,"1262",IND,India,IND.16_1,Karnataka,NA,State,State,NA,IN.KA,IN-KA
JPN_R4674741,JPN_R4674741_1,西区,JPN_R4674741,C:/Users/dcmg2/Documents/GitHub/urban-epi/UESI 2023/indicators/spatial/JPN_R4674741.geojson,"1470",JPN,Japan,JPN.38_1,Shizuoka,静岡県,Ken,Prefecture,NA,JP.SZ,JP-22
TWN_R1293250,TWN_R1293250_1,大安區,TWN_R1293250,C:/Users/dcmg2/Documents/GitHub/urban-epi/UESI 2023/indicators/spatial/TWN_R1293250.geojson,"3265",TWN,Taiwan,TWN.6_1,Taipei,台北,Zhíxiáshì,Special Municipality,NA,TW.TP,TW-TPE
CZE_R437354,CZE_R437354_2,Vítkovice,CZE_R437354,C:/Users/dcmg2/Documents/GitHub/urban-epi/UESI 2023/indicators/spatial/CZE_R437354.geojson,"697",CZE,Czechia,CZE.7_1,Moravskoslezský,NA,Kraj,Region,NA,CZ.VK,NA
IDN_R10713145,IDN_R10713145_1,Alang-Alang Lebar,IDN_R10713145,C:/Users/dcmg2/Documents/GitHub/urban-epi/UESI 2023/indicators/spatial/IDN_R10713145.geojson,"1220",IDN,Indonesia,IDN.31_1,Sumatera Selatan,NA,Propinisi,Province,"16",ID.SL,ID-SS
GBR_R65606,GBR_R65606_021,Kingston upon Thames,GBR_R65606,C:/Users/dcmg2/Documents/GitHub/urban-epi/UESI 2023/indicators/spatial/GBR_R65606.geojson,"973",GBR,United Kingdom,GBR.1_1,NA,NA,Constituent Country,Constituent Country,NA,NA,NA
UKR_R421866,UKR_R421866_1,Darnytskyi,UKR_R421866,C:/Users/dcmg2/Documents/GitHub/urban-epi/UESI 2023/indicators/spatial/UKR_R421866.geojson,"3368",UKR,Ukraine,UKR.11_1,Kiev City,Київ,Independent City,Independent City,NA,UA.KC,NA
FRA_R1667452,FRA_R1667452_2,Toctoucau,FRA_R1667452,C:/Users/dcmg2/Documents/GitHub/urban-epi/UESI 2023/indicators/spatial/FRA_R1667452.geojson,"947",FRA,France,FRA.10_1,Nouvelle-Aquitaine,NA,Région,Region,NA,FR.AC,FR-NAQ
COD_R5646651,COD_R5646651_1,Bandalungwa,COD_R5646651,C:/Users/dcmg2/Documents/GitHub/urban-epi/UESI 2023/indicators/spatial/COD_R5646651.geojson,"559",COD,Democratic Republic of the Congo,COD.10_1,Kinshasa,NA,Province,Province,NA,CD.KN,CD-KN
CZE_R438171,CZE_R438171_3,Jundrov,CZE_R438171,C:/Users/dcmg2/Documents/GitHub/urban-epi/UESI 2023/indicators/spatial/CZE_R438171.geojson,"692",CZE,Czechia,CZE.2_1,Jihomoravský,NA,Kraj,Region,NA,CZ.BK,NA
AUS_R5750005,AUS_R5750005_2,Baulkham Hills - East,AUS_R5750005,C:/Users/dcmg2/Documents/GitHub/urban-epi/UESI 2023/indicators/spatial/AUS_R5750005.geojson,"155",AUS,Australia,AUS.5_1,New South Wales,NA,State,State,"1",AU.NS,AU-NSW
FIN_R34914,FIN_R34914_6,Eteläinen suurpiiri,FIN_R34914,C:/Users/dcmg2/Documents/GitHub/urban-epi/UESI 2023/indicators/spatial/FIN_R34914.geojson,,,,FIN.4_1,,,,,,,
ECU_N58950371,ECU_N58950371_1,Guamani,ECU_N58950371,C:/Users/dcmg2/Documents/GitHub/urban-epi/UESI 2023/indicators/spatial/ECU_N58950371.geojson,"840",ECU,Ecuador,ECU.19_1,Pichincha,NA,Provincia,Province,"17",EC.PI,EC-P
LTU_R1567544,LTU_R1567544_1,Dainavos seniūnija,LTU_R1567544,C:/Users/dcmg2/Documents/GitHub/urban-epi/UESI 2023/indicators/spatial/LTU_R1567544.geojson,"1732",LTU,Lithuania,LTU.2_1,Kauno,NA,Apskritis,County,NA,LT.KS,NA
MAR_R4072985,MAR_R4072985_011,Bouskoura,MAR_R4072985,C:/Users/dcmg2/Documents/GitHub/urban-epi/UESI 2023/indicators/spatial/MAR_R4072985.geojson,"1753",MAR,Morocco,MAR.5_1,Grand Casablanca,NA,Region,Region,NA,MA.GC,NA
DEU_R59418,DEU_R59418_2,Vinnhorst/Brink-Hafen,DEU_R59418,C:/Users/dcmg2/Documents/GitHub/urban-epi/UESI 2023/indicators/spatial/DEU_R59418.geojson,"713",DEU,Germany,DEU.9_1,Niedersachsen,NA,Land,State,"03",DE.NI,DE-NI
IND_R1942586,IND_R1942586_006,Central,IND_R1942586,C:/Users/dcmg2/Documents/GitHub/urban-epi/UESI 2023/indicators/spatial/IND_R1942586.geojson,"1271",IND,India,IND.25_1,NCT of Delhi,NA,Union Territor,Union Territory,NA,IN.DL,NA
USA_R2315704,USA_R2315704_1,14000US25025010405,USA_R2315704,C:/Users/dcmg2/Documents/GitHub/urban-epi/UESI 2023/indicators/spatial/USA_R2315704.geojson,"3433",USA,United States,USA.22_1,Massachusetts,NA,State,State,NA,US.MA,US-MA
BRA_R297514,BRA_R297514_2,Sítio Cercado,BRA_R297514,C:/Users/dcmg2/Documents/GitHub/urban-epi/UESI 2023/indicators/spatial/BRA_R297514.geojson,"354",BRA,Brazil,BRA.16_1,Paraná,NA,Estado,State,NA,BR.PR,NA
COL_R12893646,COL_R12893646_123,SANTA FE,COL_R12893646,C:/Users/dcmg2/Documents/GitHub/urban-epi/UESI 2023/indicators/spatial/COL_R12893646.geojson,"603",COL,Colombia,COL.5_2,Bogotá D.C.,NA,Distrito Capital,Capital District,NA,CO.DC,NA
USA_R194119,USA_R194119_1,Census Tract 2,USA_R194119,C:/Users/dcmg2/Documents/GitHub/urban-epi/UESI 2023/indicators/spatial/USA_R194119.geojson,"3452",USA,United States,USA.41_1,South Carolina,NA,State,State,NA,US.SC,US-SC
SLV_R6462027,SLV_R6462027_2,Distrito Municipal 5,SLV_R6462027,C:/Users/dcmg2/Documents/GitHub/urban-epi/UESI 2023/indicators/spatial/SLV_R6462027.geojson,"2822",SLV,El Salvador,SLV.10_1,San Salvador,NA,Departamento,Department,NA,SV.SS,SV-SS
AUS_R5515884,AUS_R5515884_2,Darwin Airport,AUS_R5515884,C:/Users/dcmg2/Documents/GitHub/urban-epi/UESI 2023/indicators/spatial/AUS_R5515884.geojson,"156",AUS,Australia,AUS.6_1,Northern Territory,NA,Territory,Territory,"7",AU.NT,AU-NT
LTU_R1529146,LTU_R1529146_1,Senamiesčio seniūnija,LTU_R1529146,C:/Users/dcmg2/Documents/GitHub/urban-epi/UESI 2023/indicators/spatial/LTU_R1529146.geojson,"1740",LTU,Lithuania,LTU.10_1,Vilniaus,NA,Apskritis,County,NA,LT.VI,NA
ESP_R340746,ESP_R340746_2,Litoral Oeste: Huelín,ESP_R340746,C:/Users/dcmg2/Documents/GitHub/urban-epi/UESI 2023/indicators/spatial/ESP_R340746.geojson,"883",ESP,Spain,ESP.1_1,Andalucía,NA,Comunidad Autónoma,Autonomous Community,"01",ES.AN,NA
IDN_R8409116,IDN_R8409116_1,Banyumanik,IDN_R8409116,C:/Users/dcmg2/Documents/GitHub/urban-epi/UESI 2023/indicators/spatial/IDN_R8409116.geojson,"1198",IDN,Indonesia,IDN.10_1,Jawa Tengah,NA,Propinisi,Province,"33",ID.JT,ID-JT
CHN_R913067,CHN_R913067_1,Huangpu District,CHN_R913067,C:/Users/dcmg2/Documents/GitHub/urban-epi/UESI 2023/indicators/spatial/CHN_R913067.geojson,"514",CHN,China,CHN.24_1,Shanghai,上海|上海,Zhíxiáshì,Municipality,NA,CN.SH,CN-SH
USA_R188022,USA_R188022_1,Census Tract 94,USA_R188022,C:/Users/dcmg2/Documents/GitHub/urban-epi/UESI 2023/indicators/spatial/USA_R188022.geojson,"3450",USA,United States,USA.39_1,Pennsylvania,NA,State,State,NA,US.PA,US-PA
JPN_R2689476,JPN_R2689476_1,"14131",JPN_R2689476,C:/Users/dcmg2/Documents/GitHub/urban-epi/UESI 2023/indicators/spatial/JPN_R2689476.geojson,"1451",JPN,Japan,JPN.19_1,Kanagawa,神奈川県,Ken,Prefecture,NA,JP.KN,JP-14
CHN_R913069,CHN_R913069_123,Banan District,CHN_R913069,C:/Users/dcmg2/Documents/GitHub/urban-epi/UESI 2023/indicators/spatial/CHN_R913069.geojson,"491",CHN,China,CHN.3_1,Chongqing,重慶|重庆,Zhíxiáshì,Municipality,NA,CN.CQ,CN-CQ
UKR_R11859916,UKR_R11859916_1,Центральний район,UKR_R11859916,C:/Users/dcmg2/Documents/GitHub/urban-epi/UESI 2023/indicators/spatial/UKR_R11859916.geojson,,,,UKR.16_1,,,,,,,
CHN_R2764565,CHN_R2764565_1,Zhongshan Qu,CHN_R2764565,C:/Users/dcmg2/Documents/GitHub/urban-epi/UESI 2023/indicators/spatial/CHN_R2764565.geojson,"507",CHN,China,CHN.18_1,Liaoning,遼寧|辽宁,Shěng,Province,NA,CN.LN,CN-LN
USA_R175905,USA_R175905_011,"NYC-Manhattan Community District 12--Washington Heights, Inwood & Marble Hill",USA_R175905,C:/Users/dcmg2/Documents/GitHub/urban-epi/UESI 2023/indicators/spatial/USA_R175905.geojson,"3444",USA,United States,USA.33_1,New York,NA,State,State,NA,US.NY,US-NY
AUS_N19949789,AUS_N19949789_2,Cambooya - Wyreema,AUS_N19949789,C:/Users/dcmg2/Documents/GitHub/urban-epi/UESI 2023/indicators/spatial/AUS_N19949789.geojson,"157",AUS,Australia,AUS.7_1,Queensland,NA,State,State,"3",AU.QL,AU-QLD
NOR_R404159,NOR_R404159_1,Bergenhus,NOR_R404159,C:/Users/dcmg2/Documents/GitHub/urban-epi/UESI 2023/indicators/spatial/NOR_R404159.geojson,"2222",NOR,Norway,NOR.7_1,Hordaland,NA,Fylke,County,NA,NO.HO,NA
USA_R1180533,USA_R1180533_1,Census Tract 1271,USA_R1180533,C:/Users/dcmg2/Documents/GitHub/urban-epi/UESI 2023/indicators/spatial/USA_R1180533.geojson,"3437",USA,United States,USA.26_1,Missouri,NA,State,State,NA,US.MO,US-MO
HUN_R2374713,HUN_R2374713_8,Emőd,HUN_R2374713,C:/Users/dcmg2/Documents/GitHub/urban-epi/UESI 2023/indicators/spatial/HUN_R2374713.geojson,"1172",HUN,Hungary,HUN.4_1,Borsod-Abaúj-Zemplén,NA,Megye,County,NA,HU.BZ,NA
BRA_R2697338,BRA_R2697338_2,Centro,BRA_R2697338,C:/Users/dcmg2/Documents/GitHub/urban-epi/UESI 2023/indicators/spatial/BRA_R2697338.geojson,"357",BRA,Brazil,BRA.19_1,Rio de Janeiro,NA,Estado,State,NA,BR.RJ,BR-RJ
UKR_R12888405,UKR_R12888405_1,Київський район,UKR_R12888405,C:/Users/dcmg2/Documents/GitHub/urban-epi/UESI 2023/indicators/spatial/UKR_R12888405.geojson,"3373",UKR,Ukraine,UKR.17_1,Odessa,Одеська,Oblast',Region,NA,UA.OD,NA
MEX_R5606060,MEX_R5606060_2,"2400",MEX_R5606060,C:/Users/dcmg2/Documents/GitHub/urban-epi/UESI 2023/indicators/spatial/MEX_R5606060.geojson,"1825",MEX,México,MEX.19_1,Nuevo León,NA,Estado,State,NA,MX.NL,NA
TWN_R2418506,TWN_R2418506_6,新營區,TWN_R2418506,C:/Users/dcmg2/Documents/GitHub/urban-epi/UESI 2023/indicators/spatial/TWN_R2418506.geojson,"3264",TWN,Taiwan,TWN.5_1,Tainan,台南,Zhíxiáshì,Special Municipality,NA,TW.TN,TW-TNN
FRA_R1664501,FRA_R1664501_2,Ormes,FRA_R1664501,C:/Users/dcmg2/Documents/GitHub/urban-epi/UESI 2023/indicators/spatial/FRA_R1664501.geojson,"941",FRA,France,FRA.4_1,Centre-Val de Loire,NA,Région,Region,NA,FR.CN,FR-CVL
JPN_R4576938,JPN_R4576938_1,"23104",JPN_R4576938,C:/Users/dcmg2/Documents/GitHub/urban-epi/UESI 2023/indicators/spatial/JPN_R4576938.geojson,"1433",JPN,Japan,JPN.1_1,Aichi,愛知県,Ken,Prefecture,NA,JP.AI,JP-23
IDN_R13290062,IDN_R13290062_1,Andir,IDN_R13290062,C:/Users/dcmg2/Documents/GitHub/urban-epi/UESI 2023/indicators/spatial/IDN_R13290062.geojson,"1197",IDN,Indonesia,IDN.9_1,Jawa Barat,NA,Propinisi,Province,"32",ID.JR,ID-JB
USA_R119231,USA_R119231_1,Census Tract 9.03,USA_R119231,C:/Users/dcmg2/Documents/GitHub/urban-epi/UESI 2023/indicators/spatial/USA_R119231.geojson,"3423",USA,United States,USA.12_1,Hawaii,NA,State,State,NA,US.HI,US-HI
AUS_R11677109,AUS_R11677109_2,Brinsmead,AUS_R11677109,C:/Users/dcmg2/Documents/GitHub/urban-epi/UESI 2023/indicators/spatial/AUS_R11677109.geojson,"157",AUS,Australia,AUS.7_1,Queensland,NA,State,State,"3",AU.QL,AU-QLD
UGA_R10546821,UGA_R10546821_1,MUTUNGO,UGA_R10546821,C:/Users/dcmg2/Documents/GitHub/urban-epi/UESI 2023/indicators/spatial/UGA_R10546821.geojson,"3313",UGA,Uganda,UGA.16_1,Kampala,NA,District,District,"10",UG.KM,UG-102
BRA_R368812,BRA_R368812_2,Ar. Centro,BRA_R368812,C:/Users/dcmg2/Documents/GitHub/urban-epi/UESI 2023/indicators/spatial/BRA_R368812.geojson,"351",BRA,Brazil,BRA.13_1,Minas Gerais,NA,Estado,State,NA,BR.MG,BR-MG
CAN_R1852574,CAN_R1852574_2,2021S05079330014.01,CAN_R1852574,C:/Users/dcmg2/Documents/GitHub/urban-epi/UESI 2023/indicators/spatial/CAN_R1852574.geojson,"435",CAN,Canada,CAN.2_1,British Columbia,NA,Province,Province,"59",CA.BC,CA-BC
USA_R171262,USA_R171262_1,Census Tract 8.01,USA_R171262,C:/Users/dcmg2/Documents/GitHub/urban-epi/UESI 2023/indicators/spatial/USA_R171262.geojson,"3443",USA,United States,USA.32_1,New Mexico,NA,State,State,NA,US.NM,US-NM
HRV_R3168167,HRV_R3168167_123,"""30. svibnja 1990.""",HRV_R3168167,C:/Users/dcmg2/Documents/GitHub/urban-epi/UESI 2023/indicators/spatial/HRV_R3168167.geojson,"1141",HRV,Croatia,HRV.4_1,Grad Zagreb,NA,Grad,City,NA,HR.GZ,HR-21
TWN_R2770986,TWN_R2770986_1,蘆竹區,TWN_R2770986,C:/Users/dcmg2/Documents/GitHub/urban-epi/UESI 2023/indicators/spatial/TWN_R2770986.geojson,"3266",TWN,Taiwan,TWN.7_1,Taiwan,台灣,Shěng,Province,NA,TW.TA,NA
TUR_R1269255,TUR_R1269255_1,Selçuk,TUR_R1269255,C:/Users/dcmg2/Documents/GitHub/urban-epi/UESI 2023/indicators/spatial/TUR_R1269255.geojson,"3210",TUR,Turkey,TUR.41_1,Izmir,NA,Il,Province,NA,TR.IZ,TR-35
AUS_R11343564,AUS_R11343564_2,Dawesville - Bouvard,AUS_R11343564,C:/Users/dcmg2/Documents/GitHub/urban-epi/UESI 2023/indicators/spatial/AUS_R11343564.geojson,"161",AUS,Australia,AUS.11_1,Western Australia,NA,State,State,"5",AU.WA,AU-WA
ARM_R364087,ARM_R364087_8,Նուբարաշեն,ARM_R364087,C:/Users/dcmg2/Documents/GitHub/urban-epi/UESI 2023/indicators/spatial/ARM_R364087.geojson,"127",ARM,Armenia,ARM.4_1,Erevan,Երևան|Ереван,Kaghak,City,NA,AM.ER,AM-ER
IRL_R1109531,IRL_R1109531_1,Ayrfield,IRL_R1109531,C:/Users/dcmg2/Documents/GitHub/urban-epi/UESI 2023/indicators/spatial/IRL_R1109531.geojson,"1289",IRL,Ireland,IRL.6_1,Dublin,NA,Region,Region,NA,IE.DN,IE-D
CHL_R1674530,CHL_R1674530_2,San Joaquín,CHL_R1674530,C:/Users/dcmg2/Documents/GitHub/urban-epi/UESI 2023/indicators/spatial/CHL_R1674530.geojson,"486",CHL,Chile,CHL.14_1,Santiago Metropolitan,NA,Región Metropolitana,Metropolian Region,RM,CL.RM,NA
IND_R9381363,IND_R9381363_1,"93",IND_R9381363,C:/Users/dcmg2/Documents/GitHub/urban-epi/UESI 2023/indicators/spatial/IND_R9381363.geojson,"1284",IND,India,IND.36_1,West Bengal,NA,State,State,NA,IN.WB,IN-WB
MMR_R6004094,MMR_R6004094_1,Kyauktada,MMR_R6004094,C:/Users/dcmg2/Documents/GitHub/urban-epi/UESI 2023/indicators/spatial/MMR_R6004094.geojson,"1971",MMR,Myanmar,MMR.15_1,Yangon,NA,Yin,Division,NA,MM.YA,MM-06
JPN_R4085749,JPN_R4085749_1,"01110",JPN_R4085749,C:/Users/dcmg2/Documents/GitHub/urban-epi/UESI 2023/indicators/spatial/JPN_R4085749.geojson,"1444",JPN,Japan,JPN.12_1,Hokkaido,北海道,Do,Circuit,NA,JP.HK,JP-01
CHN_R4430941,CHN_R4430941_11,太仓市,CHN_R4430941,C:/Users/dcmg2/Documents/GitHub/urban-epi/UESI 2023/indicators/spatial/CHN_R4430941.geojson,"504",CHN,China,CHN.15_1,Jiangsu,江蘇|江苏,Shěng,Province,NA,CN.JS,CN-JS
COL_R385842,COL_R385842_2,Comuna san José,COL_R385842,C:/Users/dcmg2/Documents/GitHub/urban-epi/UESI 2023/indicators/spatial/COL_R385842.geojson,"606",COL,Colombia,COL.8_2,Caldas,NA,Departamento,Department,NA,CO.CL,CO-CAL
UKR_R12617747,UKR_R12617747_1,Новокодацький район,UKR_R12617747,C:/Users/dcmg2/Documents/GitHub/urban-epi/UESI 2023/indicators/spatial/UKR_R12617747.geojson,"3361",UKR,Ukraine,UKR.5_1,Dnipropetrovs'k,Дніпропетро́вська,Oblast',Region,NA,UA.DP,NA
JPN_R357794,JPN_R357794_1,"26101",JPN_R357794,C:/Users/dcmg2/Documents/GitHub/urban-epi/UESI 2023/indicators/spatial/JPN_R357794.geojson,"1454",JPN,Japan,JPN.22_1,Kyoto,京都府,Fu,Urban Prefecture,NA,JP.KY,JP-26
ESP_R345401,ESP_R345401_2,Sanfeliu,ESP_R345401,C:/Users/dcmg2/Documents/GitHub/urban-epi/UESI 2023/indicators/spatial/ESP_R345401.geojson,"888",ESP,Spain,ESP.6_1,Cataluña,NA,Comunidad Autónoma,Autonomous Community,"09",ES.CT,NA
THA_R11968757,THA_R11968757_1,Suan Yai,THA_R11968757,C:/Users/dcmg2/Documents/GitHub/urban-epi/UESI 2023/indicators/spatial/THA_R11968757.geojson,"3057",THA,Thailand,THA.36_1,Nonthaburi,จังหวัดนนทบุรี,Changwat,Province,"12",TH.NO,TH-12
COL_R1343264,COL_R1343264_123,Popular,COL_R1343264,C:/Users/dcmg2/Documents/GitHub/urban-epi/UESI 2023/indicators/spatial/COL_R1343264.geojson,"600",COL,Colombia,COL.2_2,Antioquia,NA,Departamento,Department,NA,CO.AN,CO-ANT
PRT_R5400890,PRT_R5400890_123,Ajuda,PRT_R5400890,C:/Users/dcmg2/Documents/GitHub/urban-epi/UESI 2023/indicators/spatial/PRT_R5400890.geojson,"2569",PRT,Portugal,PRT.12_1,Lisboa,NA,Distrito,District,NA,PT.LI,PT-11
DZA_R157062,DZA_R157062_1,Hussein Dey,DZA_R157062,C:/Users/dcmg2/Documents/GitHub/urban-epi/UESI 2023/indicators/spatial/DZA_R157062.geojson,"777",DZA,Algeria,DZA.4_1,Alger,ولاية الجزائر,Wilaya,Province,"16",DZ.AL,DZ-16
MKD_R6966465,MKD_R6966465_1,MK00802,MKD_R6966465,C:/Users/dcmg2/Documents/GitHub/urban-epi/UESI 2023/indicators/spatial/MKD_R6966465.geojson,"1894",MKD,North Macedonia,MKD.34_1,Kisela Voda,NA,Opština,Municipality,NA,MK.VD,MK-809
JPN_R4008600,JPN_R4008600_1,戸畑区,JPN_R4008600,C:/Users/dcmg2/Documents/GitHub/urban-epi/UESI 2023/indicators/spatial/JPN_R4008600.geojson,,,,JPN.7_1,,,,,,,
TZA_R5741682,TZA_R5741682_9,Shinyanga Rural,TZA_R5741682,C:/Users/dcmg2/Documents/GitHub/urban-epi/UESI 2023/indicators/spatial/TZA_R5741682.geojson,"3292",TZA,Tanzania,TZA.23_1,Shinyanga,NA,Mkoa,Region,"17",TZ.SY,TZ-22
CHN_R3429680,CHN_R3429680_123,Dantu District,CHN_R3429680,C:/Users/dcmg2/Documents/GitHub/urban-epi/UESI 2023/indicators/spatial/CHN_R3429680.geojson,"504",CHN,China,CHN.15_1,Jiangsu,江蘇|江苏,Shěng,Province,NA,CN.JS,CN-JS
JPN_R900329,JPN_R900329_1,"28105",JPN_R900329,C:/Users/dcmg2/Documents/GitHub/urban-epi/UESI 2023/indicators/spatial/JPN_R900329.geojson,"1445",JPN,Japan,JPN.13_1,Hyōgo,兵庫県,Ken,Prefecture,NA,JP.HG,NA
ITA_R44915,ITA_R44915_2,Area funzionale 159,ITA_R44915,C:/Users/dcmg2/Documents/GitHub/urban-epi/UESI 2023/indicators/spatial/ITA_R44915.geojson,"1384",ITA,Italy,ITA.10_1,Lombardia,NA,Regione,Region,"3",NA,IT-25
SGP_R536780,SGP_R536780_001,PASIR RIS,SGP_R536780,C:/Users/dcmg2/Documents/GitHub/urban-epi/UESI 2023/indicators/spatial/SGP_R536780.geojson,"2789",SGP,Singapore,SGP.1_1,Central,NA,Region,Region,NA,NA,NA
USA_R197472,USA_R197472_1,Census Tract 108.02,USA_R197472,C:/Users/dcmg2/Documents/GitHub/urban-epi/UESI 2023/indicators/spatial/USA_R197472.geojson,"3454",USA,United States,USA.43_1,Tennessee,NA,State,State,NA,US.TN,US-TN
USA_R207359,USA_R207359_004,Los Angeles County (North)--LA City (Northeast/North Hollywood & Valley Village),USA_R207359,C:/Users/dcmg2/Documents/GitHub/urban-epi/UESI 2023/indicators/spatial/USA_R207359.geojson,"3416",USA,United States,USA.5_1,California,NA,State,State,NA,US.CA,US-CA
TWN_R1527220,TWN_R1527220_1,永和區,TWN_R1527220,C:/Users/dcmg2/Documents/GitHub/urban-epi/UESI 2023/indicators/spatial/TWN_R1527220.geojson,"3265",TWN,Taiwan,TWN.6_1,Taipei,台北,Zhíxiáshì,Special Municipality,NA,TW.TP,TW-TPE
COL_R13993673,COL_R13993673_2,"520011000000000001",COL_R13993673,C:/Users/dcmg2/Documents/GitHub/urban-epi/UESI 2023/indicators/spatial/COL_R13993673.geojson,"620",COL,Colombia,COL.22_2,Nariño,NA,Departamento,Department,NA,CO.NA,NA
NIC_R5835475,NIC_R5835475_123,Distrito II,NIC_R5835475,C:/Users/dcmg2/Documents/GitHub/urban-epi/UESI 2023/indicators/spatial/NIC_R5835475.geojson,"2196",NIC,Nicaragua,NIC.13_1,Managua,NA,Departamento,Department,NA,NI.MN,NI-MN
RUS_R335495,RUS_R335495_1,ÐšÐ°Ð½Ð°Ð²Ð¸Ð½ÑÐºÐ¸Ð¹ Ñ€Ð°Ð¹Ð¾Ð½,RUS_R335495,C:/Users/dcmg2/Documents/GitHub/urban-epi/UESI 2023/indicators/spatial/RUS_R335495.geojson,"2702",RUS,Russia,RUS.47_1,Nizhegorod,Нижегородская область,Oblast,Region,NA,RU.NZ,NA
RUS_R1751445,RUS_R1751445_1,Ð›ÐµÐ½Ð¸Ð½ÑÐºÐ¸Ð¹ Ñ€Ð°Ð¹Ð¾Ð½,RUS_R1751445,C:/Users/dcmg2/Documents/GitHub/urban-epi/UESI 2023/indicators/spatial/RUS_R1751445.geojson,"2705",RUS,Russia,RUS.50_1,Novosibirsk,Новосибирская область,Oblast,Region,NA,RU.NS,NA
ZWE_R318467,ZWE_R318467_1,"20",ZWE_R318467,C:/Users/dcmg2/Documents/GitHub/urban-epi/UESI 2023/indicators/spatial/ZWE_R318467.geojson,"3654",ZWE,Zimbabwe,ZWE.2_1,Harare,NA,City,City,NA,ZW.HA,ZW-HA
BRA_R301117,BRA_R301117_1,Santos Reis,BRA_R301117,C:/Users/dcmg2/Documents/GitHub/urban-epi/UESI 2023/indicators/spatial/BRA_R301117.geojson,"358",BRA,Brazil,BRA.20_1,Rio Grande do Norte,NA,Estado,State,NA,BR.RN,BR-RN
AUS_R11677792,AUS_R11677792_2,Alexandra Hills,AUS_R11677792,C:/Users/dcmg2/Documents/GitHub/urban-epi/UESI 2023/indicators/spatial/AUS_R11677792.geojson,"157",AUS,Australia,AUS.7_1,Queensland,NA,State,State,"3",AU.QL,AU-QLD
PHL_R103703,PHL_R103703_006,Manila,PHL_R103703,C:/Users/dcmg2/Documents/GitHub/urban-epi/UESI 2023/indicators/spatial/PHL_R103703.geojson,"2377",PHL,Philippines,PHL.47_1,Metropolitan Manila,NA,Lalawigan,Province,"1339",PH.MM,NA
CHN_R3020001,CHN_R3020001_10,安塞区,CHN_R3020001,C:/Users/dcmg2/Documents/GitHub/urban-epi/UESI 2023/indicators/spatial/CHN_R3020001.geojson,"512",CHN,China,CHN.22_1,Shaanxi,陝西|陕西,Shěng,Province,NA,CN.SA,CN-SN
CRI_R4069041,CRI_R4069041_123,ZAPOTE,CRI_R4069041,C:/Users/dcmg2/Documents/GitHub/urban-epi/UESI 2023/indicators/spatial/CRI_R4069041.geojson,"663",CRI,Costa Rica,CRI.7_1,San José,NA,Provincia,Province,"1",CR.SJ,NA
USA_R194968,USA_R194968_1,Census Tract 4.06,USA_R194968,C:/Users/dcmg2/Documents/GitHub/urban-epi/UESI 2023/indicators/spatial/USA_R194968.geojson,"3453",USA,United States,USA.42_1,South Dakota,NA,State,State,NA,US.SD,US-SD
BIH_R2567380,BIH_R2567380_1,Općina Centar,BIH_R2567380,C:/Users/dcmg2/Documents/GitHub/urban-epi/UESI 2023/indicators/spatial/BIH_R2567380.geojson,"302",BIH,Bosnia and Herzegovina,BIH.2_1,Federacija Bosna i Hercegovina,NA,Entity,Entity,NA,BA.BF,NA
USA_R1411339,USA_R1411339_1,Census Tract 1.02,USA_R1411339,C:/Users/dcmg2/Documents/GitHub/urban-epi/UESI 2023/indicators/spatial/USA_R1411339.geojson,"3417",USA,United States,USA.6_1,Colorado,NA,State,State,NA,US.CO,US-CO
KOR_R2409182,KOR_R2409182_2,권선구,KOR_R2409182,C:/Users/dcmg2/Documents/GitHub/urban-epi/UESI 2023/indicators/spatial/KOR_R2409182.geojson,"1596",KOR,South Korea,KOR.8_1,Gyeonggi-do,경기도 | 京畿道,Do,Province,NA,KR.KG,KR-41
USA_R1804307,USA_R1804307_1,Census Tract 15,USA_R1804307,C:/Users/dcmg2/Documents/GitHub/urban-epi/UESI 2023/indicators/spatial/USA_R1804307.geojson,"3429",USA,United States,USA.18_1,Kentucky,NA,State,State,NA,US.KY,US-KY
USA_R127319,USA_R127319_1,Census Tract 38.03,USA_R127319,C:/Users/dcmg2/Documents/GitHub/urban-epi/UESI 2023/indicators/spatial/USA_R127319.geojson,"3426",USA,United States,USA.15_1,Indiana,NA,State,State,NA,US.IN,US-IN
CHN_R2989562,CHN_R2989562_5,昌黎县,CHN_R2989562,C:/Users/dcmg2/Documents/GitHub/urban-epi/UESI 2023/indicators/spatial/CHN_R2989562.geojson,"498",CHN,China,CHN.10_1,Hebei,河北,Shěng,Province,NA,CN.HB,CN-HE
CMR_R2746229,CMR_R2746229_1,Yaounde 1er,CMR_R2746229,C:/Users/dcmg2/Documents/GitHub/urban-epi/UESI 2023/indicators/spatial/CMR_R2746229.geojson,"541",CMR,Cameroon,CMR.2_1,Centre,NA,Région,Region,NA,CM.CE,CM-CE
ITA_R44830,ITA_R44830_2,Centro Storico,ITA_R44830,C:/Users/dcmg2/Documents/GitHub/urban-epi/UESI 2023/indicators/spatial/ITA_R44830.geojson,"1394",ITA,Italy,ITA.20_1,Veneto,NA,Regione,Region,"5",NA,IT-34
CHN_R912999,CHN_R912999_123,Baodi District,CHN_R912999,C:/Users/dcmg2/Documents/GitHub/urban-epi/UESI 2023/indicators/spatial/CHN_R912999.geojson,"517",CHN,China,CHN.27_1,Tianjin,天津|天津,Zhíxiáshì,Municipality,NA,CN.TJ,CN-TJ
SRB_R2867621,SRB_R2867621_7,Градска општина Црвени Крст,SRB_R2867621,C:/Users/dcmg2/Documents/GitHub/urban-epi/UESI 2023/indicators/spatial/SRB_R2867621.geojson,"2865",SRB,Serbia,SRB.10_1,Nišavski,Нишавски,Okrug,District,NA,RS.NS,NA
KOR_R2395867,KOR_R2395867_1,Jung-gu,KOR_R2395867,C:/Users/dcmg2/Documents/GitHub/urban-epi/UESI 2023/indicators/spatial/KOR_R2395867.geojson,"1605",KOR,South Korea,KOR.17_1,Ulsan,울산광역시 | 蔚山廣域市,Metropolitan City,Metropolitan City,NA,KR.UL,KR-31
ARG_R1224652,ARG_R1224652_2,RECOLETA,ARG_R1224652,C:/Users/dcmg2/Documents/GitHub/urban-epi/UESI 2023/indicators/spatial/ARG_R1224652.geojson,"104",ARG,Argentina,ARG.5_1,Ciudad de Buenos Aires,NA,Distrito Federal,Federal District,NA,AR.DF,NA
COL_R1320707,COL_R1320707_2,Comuna 6,COL_R1320707,C:/Users/dcmg2/Documents/GitHub/urban-epi/UESI 2023/indicators/spatial/COL_R1320707.geojson,"629",COL,Colombia,COL.31_2,Valle del Cauca,NA,Departamento,Department,NA,CO.VC,CO-VAC
CHE_R1682248,CHE_R1682248_1,Kreis 7,CHE_R1682248,C:/Users/dcmg2/Documents/GitHub/urban-epi/UESI 2023/indicators/spatial/CHE_R1682248.geojson,"472",CHE,Switzerland,CHE.26_1,Zürich,NA,Kanton,Canton,NA,CH.ZH,NA
FRA_R76469,FRA_R76469_123,ARENC,FRA_R76469,C:/Users/dcmg2/Documents/GitHub/urban-epi/UESI 2023/indicators/spatial/FRA_R76469.geojson,"950",FRA,France,FRA.13_1,Provence-Alpes-Côte d'Azur,NA,Région,Region,NA,FR.PR,NA
TZA_N27565027,TZA_N27565027_4,Ubungo Municipal,TZA_N27565027,C:/Users/dcmg2/Documents/GitHub/urban-epi/UESI 2023/indicators/spatial/TZA_N27565027.geojson,"3268",TZA,Tanzania,TZA.2_1,Dar es Salaam,NA,Mkoa,Region,"07",TZ.DS,TZ-02
RUS_R2555133,RUS_R2555133_1,ÐÐ»ÐµÐºÑÐµÐµÐ²ÑÐºÐ¸Ð¹ Ñ€Ð°Ð¹Ð¾Ð½,RUS_R2555133,C:/Users/dcmg2/Documents/GitHub/urban-epi/UESI 2023/indicators/spatial/RUS_R2555133.geojson,"2698",RUS,Russia,RUS.43_1,Moscow City,NA,Gorod,City,NA,NA,NA
USA_R237385,USA_R237385_1,Census Tract 25,USA_R237385,C:/Users/dcmg2/Documents/GitHub/urban-epi/UESI 2023/indicators/spatial/USA_R237385.geojson,"3459",USA,United States,USA.48_1,Washington,NA,State,State,NA,US.WA,US-WA
ITA_R41038,ITA_R41038_2,Palese-Santo Spirito,ITA_R41038,C:/Users/dcmg2/Documents/GitHub/urban-epi/UESI 2023/indicators/spatial/ITA_R41038.geojson,"1376",ITA,Italy,ITA.2_1,Apulia,NA,Regione,Region,"16",NA,NA
ISL_R2580605,ISL_R2580605_1,107 Reykjavik,ISL_R2580605,C:/Users/dcmg2/Documents/GitHub/urban-epi/UESI 2023/indicators/spatial/ISL_R2580605.geojson,"1361",ISL,Iceland,ISL.3_1,Höfuðborgarsvæði,NA,Landsvæði,Region,NA,IS.HO,NA
USA_R177415,USA_R177415_1,Census Tract 30.06,USA_R177415,C:/Users/dcmg2/Documents/GitHub/urban-epi/UESI 2023/indicators/spatial/USA_R177415.geojson,"3445",USA,United States,USA.34_1,North Carolina,NA,State,State,NA,US.NC,US-NC
GRC_R1370736,GRC_R1370736_1,1Î· Î”Îš,GRC_R1370736,C:/Users/dcmg2/Documents/GitHub/urban-epi/UESI 2023/indicators/spatial/GRC_R1370736.geojson,"1049",GRC,Greece,GRC.3_1,Attica,Αττική,Apokentroménes dioikíseis,Decentralized administration,NA,GR.AT,NA
USA_R129814,USA_R129814_1,Census Tract 77,USA_R129814,C:/Users/dcmg2/Documents/GitHub/urban-epi/UESI 2023/indicators/spatial/USA_R129814.geojson,"3428",USA,United States,USA.17_1,Kansas,NA,State,State,NA,US.KS,US-KS
USA_R170117,USA_R170117_1,Census Tract 33.06,USA_R170117,C:/Users/dcmg2/Documents/GitHub/urban-epi/UESI 2023/indicators/spatial/USA_R170117.geojson,"3440",USA,United States,USA.29_1,Nevada,NA,State,State,NA,US.NV,US-NV
ITA_R40600,ITA_R40600_2,San Ferdinando,ITA_R40600,C:/Users/dcmg2/Documents/GitHub/urban-epi/UESI 2023/indicators/spatial/ITA_R40600.geojson,"1379",ITA,Italy,ITA.5_1,Campania,NA,Regione,Region,"15",NA,IT-72
EST_R2164745,EST_R2164745_2,Raua,EST_R2164745,C:/Users/dcmg2/Documents/GitHub/urban-epi/UESI 2023/indicators/spatial/EST_R2164745.geojson,"901",EST,Estonia,EST.1_1,Harju,NA,Maakond,County,NA,EE.HA,NA
CHN_R3469133,CHN_R3469133_123,Chengyang District,CHN_R3469133,C:/Users/dcmg2/Documents/GitHub/urban-epi/UESI 2023/indicators/spatial/CHN_R3469133.geojson,"513",CHN,China,CHN.23_1,Shandong,山東|山东,Shěng,Province,NA,CN.SD,CN-SD
ECU_R3693133,ECU_R3693133_1,Hermano Miguel,ECU_R3693133,C:/Users/dcmg2/Documents/GitHub/urban-epi/UESI 2023/indicators/spatial/ECU_R3693133.geojson,"822",ECU,Ecuador,ECU.1_1,Azuay,NA,Provincia,Province,"01",EC.AZ,EC-A
ZAF_R594508,ZAF_R594508_5,"5",ZAF_R594508,C:/Users/dcmg2/Documents/GitHub/urban-epi/UESI 2023/indicators/spatial/ZAF_R594508.geojson,"3631",ZAF,South Africa,ZAF.3_1,Gauteng,NA,Provinsie,Province,GT,ZA.GT,ZA-GP
USA_R206637,USA_R206637_1,Census Tract 2018.01,USA_R206637,C:/Users/dcmg2/Documents/GitHub/urban-epi/UESI 2023/indicators/spatial/USA_R206637.geojson,"3458",USA,United States,USA.47_1,Virginia,NA,State,State,NA,US.VA,US-VA
KHM_R2199033,KHM_R2199033_1,Preaek Aeng,KHM_R2199033,C:/Users/dcmg2/Documents/GitHub/urban-epi/UESI 2023/indicators/spatial/KHM_R2199033.geojson,"1565",KHM,Cambodia,KHM.16_1,Phnom Penh,NA,Municipality,Municipality,NA,KH.PP,KH-12
NGA_R3718182,NGA_R3718182_1,Lagos Island,NGA_R3718182,C:/Users/dcmg2/Documents/GitHub/urban-epi/UESI 2023/indicators/spatial/NGA_R3718182.geojson,"2171",NGA,Nigeria,NGA.25_1,Lagos,NA,State,State,NA,NG.LA,NG-LA
AUT_R109166,AUT_R109166_1,Neubau,AUT_R109166,C:/Users/dcmg2/Documents/GitHub/urban-epi/UESI 2023/indicators/spatial/AUT_R109166.geojson,"170",AUT,Austria,AUT.9_1,Wien,NA,Bundesländ,State,NA,AT.WI,AT-9
DEU_R62782,DEU_R62782_1,Waltershof und Finkenwerder,DEU_R62782,C:/Users/dcmg2/Documents/GitHub/urban-epi/UESI 2023/indicators/spatial/DEU_R62782.geojson,"710",DEU,Germany,DEU.6_1,Hamburg,NA,Freie und Hansestadt,State,"02",DE.HH,DE-HH
ISR_R1382494,ISR_R1382494_1,"7",ISR_R1382494,C:/Users/dcmg2/Documents/GitHub/urban-epi/UESI 2023/indicators/spatial/ISR_R1382494.geojson,"1374",ISR,Israel,ISR.7_1,Tel Aviv,NA,Mehoz,District,NA,IL.TA,IL-TA
CHN_R161769,CHN_R161769_1,新巴尔虎左旗,CHN_R161769,C:/Users/dcmg2/Documents/GitHub/urban-epi/UESI 2023/indicators/spatial/CHN_R161769.geojson,"509",CHN,China,CHN.19_1,Nei Mongol,內蒙古自治區|内蒙古自治区,Zìzhìqu,Autonomous Region,NA,CN.NM,CN-NM
JPN_R1543125,JPN_R1543125_001,Chiyoda,JPN_R1543125,C:/Users/dcmg2/Documents/GitHub/urban-epi/UESI 2023/indicators/spatial/JPN_R1543125.geojson,"1473",JPN,Japan,JPN.41_1,Tokyo,東京都,To,Metropolis,NA,JP.TK,JP-13
GBR_R1920901,GBR_R1920901_1,Almond,GBR_R1920901,C:/Users/dcmg2/Documents/GitHub/urban-epi/UESI 2023/indicators/spatial/GBR_R1920901.geojson,"971",GBR,United Kingdom,GBR.3_1,Scotland,NA,Constituent Country,Constituent Country,NA,NA,GB-SCT
RWA_R1708283,RWA_R1708283_1,Gitega,RWA_R1708283,C:/Users/dcmg2/Documents/GitHub/urban-epi/UESI 2023/indicators/spatial/RWA_R1708283.geojson,"2743",RWA,Rwanda,RWA.5_1,Umujyi wa Kigali,NA,Province,Province,"1",RW.KV,NA
TUN_R8896976,TUN_R8896976_1,CitÃ©_El_Khadra,TUN_R8896976,C:/Users/dcmg2/Documents/GitHub/urban-epi/UESI 2023/indicators/spatial/TUN_R8896976.geojson,"3168",TUN,Tunisia,TUN.23_1,Tunis,NA,Wilayat,Governorate,NA,TN.TU,TN-11
UKR_R12152861,UKR_R12152861_1,Олександрівський район,UKR_R12152861,C:/Users/dcmg2/Documents/GitHub/urban-epi/UESI 2023/indicators/spatial/UKR_R12152861.geojson,"3382",UKR,Ukraine,UKR.26_1,Zaporizhia,Запорізька,Oblast',Region,NA,UA.ZP,NA
SLE_N27565056,SLE_N27565056_1,Central I,SLE_N27565056,C:/Users/dcmg2/Documents/GitHub/urban-epi/UESI 2023/indicators/spatial/SLE_N27565056.geojson,"2812",SLE,Sierra Leone,SLE.4_1,Western,NA,Province,Province,NA,SL.WE,NA
TWN_R3155553,TWN_R3155553_1,思源里,TWN_R3155553,C:/Users/dcmg2/Documents/GitHub/urban-epi/UESI 2023/indicators/spatial/TWN_R3155553.geojson,"3266",TWN,Taiwan,TWN.7_1,Taiwan,台灣,Shěng,Province,NA,TW.TA,NA
ETH_R1707699,ETH_R1707699_1,Nefas Silk,ETH_R1707699,C:/Users/dcmg2/Documents/GitHub/urban-epi/UESI 2023/indicators/spatial/ETH_R1707699.geojson,"917",ETH,Ethiopia,ETH.1_1,Addis Abeba,NA,Astedader,City,"14",ET.AA,NA
AFG_N21716195,AFG_N21716195_1,D 11,AFG_N21716195,C:/Users/dcmg2/Documents/GitHub/urban-epi/UESI 2023/indicators/spatial/AFG_N21716195.geojson,"14",AFG,Afghanistan,AFG.14_1,Kabul,NA,Velayat,Province,NA,AF.KB,AF-KAB
IDN_R7641583,IDN_R7641583_1,Batuceper,IDN_R7641583,C:/Users/dcmg2/Documents/GitHub/urban-epi/UESI 2023/indicators/spatial/IDN_R7641583.geojson,"1192",IDN,Indonesia,IDN.4_1,Banten,NA,Propinisi,Province,"36",ID.BT,ID-BT
USA_R186579,USA_R186579_1,Census Tract 85,USA_R186579,C:/Users/dcmg2/Documents/GitHub/urban-epi/UESI 2023/indicators/spatial/USA_R186579.geojson,"3449",USA,United States,USA.38_1,Oregon,NA,State,State,NA,US.OR,US-OR
DEU_R62422,DEU_R62422_005,Mitte,DEU_R62422,C:/Users/dcmg2/Documents/GitHub/urban-epi/UESI 2023/indicators/spatial/DEU_R62422.geojson,"707",DEU,Germany,DEU.3_1,Berlin,NA,Land,State,"11",DE.BE,DE-BE
VNM_R1973756,VNM_R1973756_1,Binh Chanh,VNM_R1973756,C:/Users/dcmg2/Documents/GitHub/urban-epi/UESI 2023/indicators/spatial/VNM_R1973756.geojson,"3544",VNM,Vietnam,VNM.25_1,Hồ Chí Minh,NA,Thành phố,City,NA,VN.HC,NA
IRN_R6663864,IRN_R6663864_1,"14",IRN_R6663864,C:/Users/dcmg2/Documents/GitHub/urban-epi/UESI 2023/indicators/spatial/IRN_R6663864.geojson,"1338",IRN,Iran,IRN.28_1,Tehran,استان تهران,Ostan,Province,NA,IR.TH,IR-23
DEU_R62428,DEU_R62428_1,Altstadt - Lehel,DEU_R62428,C:/Users/dcmg2/Documents/GitHub/urban-epi/UESI 2023/indicators/spatial/DEU_R62428.geojson,"706",DEU,Germany,DEU.2_1,Bayern,NA,Freistaat,Free State,"09",DE.BY,DE-BY
PAN_R8389079,PAN_R8389079_1,Victoriano Lorenzo,PAN_R8389079,C:/Users/dcmg2/Documents/GitHub/urban-epi/UESI 2023/indicators/spatial/PAN_R8389079.geojson,"2302",PAN,Panama,PAN.12_1,Panamá,NA,Provincia,Province,NA,PA.PN,NA
FRA_R120965,FRA_R120965_123,1er Arrondissement,FRA_R120965,C:/Users/dcmg2/Documents/GitHub/urban-epi/UESI 2023/indicators/spatial/FRA_R120965.geojson,"938",FRA,France,FRA.1_1,Auvergne-Rhône-Alpes,NA,Région,Region,NA,FR.AR,NA
SWE_R935611,SWE_R935611_2,Svartedalen,SWE_R935611,C:/Users/dcmg2/Documents/GitHub/urban-epi/UESI 2023/indicators/spatial/SWE_R935611.geojson,"2943",SWE,Sweden,SWE.21_1,Västra Götaland,NA,Län,County,NA,SE.VG,NA
PRT_R5379538,PRT_R5379538_123,AlmalaguÃªs,PRT_R5379538,C:/Users/dcmg2/Documents/GitHub/urban-epi/UESI 2023/indicators/spatial/PRT_R5379538.geojson,"2564",PRT,Portugal,PRT.7_1,Coimbra,NA,Distrito,District,"06",PT.CO,PT-06
USA_R179052,USA_R179052_1,"37183053722",USA_R179052,C:/Users/dcmg2/Documents/GitHub/urban-epi/UESI 2023/indicators/spatial/USA_R179052.geojson,"3445",USA,United States,USA.34_1,North Carolina,NA,State,State,NA,US.NC,US-NC
IND_R7910817,IND_R7910817_1,Thiruvottiyur,IND_R7910817,C:/Users/dcmg2/Documents/GitHub/urban-epi/UESI 2023/indicators/spatial/IND_R7910817.geojson,"1277",IND,India,IND.31_1,Tamil Nadu,NA,State,State,NA,IN.TN,IN-TN
URY_R2929054,URY_R2929054_123,Ciudad Vieja,URY_R2929054,C:/Users/dcmg2/Documents/GitHub/urban-epi/UESI 2023/indicators/spatial/URY_R2929054.geojson,"3402",URY,Uruguay,URY.10_2,Montevideo,NA,Departamento,Department,NA,UY.MO,UY-MO
NZL_R4266321,NZL_R4266321_2,Makara-Ohariu,NZL_R4266321,C:/Users/dcmg2/Documents/GitHub/urban-epi/UESI 2023/indicators/spatial/NZL_R4266321.geojson,"2271",NZL,New Zealand,NZL.18_1,Wellington,NA,Region,Region,"09",NZ.WG,NZ-WGN
USA_R170726,USA_R170726_1,Census Tract 1802.02,USA_R170726,C:/Users/dcmg2/Documents/GitHub/urban-epi/UESI 2023/indicators/spatial/USA_R170726.geojson,"3442",USA,United States,USA.31_1,New Jersey,NA,State,State,NA,US.NJ,US-NJ
CHN_R3287346,CHN_R3287346_123,Baiyun,CHN_R3287346,C:/Users/dcmg2/Documents/GitHub/urban-epi/UESI 2023/indicators/spatial/CHN_R3287346.geojson,"494",CHN,China,CHN.6_1,Guangdong,廣東|广东,Shěng,Province,NA,CN.GD,CN-GD
NER_R3218804,NER_R3218804_1,NIAMEY 4,NER_R3218804,C:/Users/dcmg2/Documents/GitHub/urban-epi/UESI 2023/indicators/spatial/NER_R3218804.geojson,"2143",NER,Niger,NER.5_1,Niamey,NA,Communauté Urbaine,Capital District,NA,NE.NI,NE-8
JPN_R2689482,JPN_R2689482_1,"14103",JPN_R2689482,C:/Users/dcmg2/Documents/GitHub/urban-epi/UESI 2023/indicators/spatial/JPN_R2689482.geojson,"1451",JPN,Japan,JPN.19_1,Kanagawa,神奈川県,Ken,Prefecture,NA,JP.KN,JP-14
TWN_R2849488,TWN_R2849488_1,北區,TWN_R2849488,C:/Users/dcmg2/Documents/GitHub/urban-epi/UESI 2023/indicators/spatial/TWN_R2849488.geojson,"3266",TWN,Taiwan,TWN.7_1,Taiwan,台灣,Shěng,Province,NA,TW.TA,NA
CAN_R9092218,CAN_R9092218_2,2021S05072050001.00,CAN_R9092218,C:/Users/dcmg2/Documents/GitHub/urban-epi/UESI 2023/indicators/spatial/CAN_R9092218.geojson,"440",CAN,Canada,CAN.7_1,Nova Scotia,NA,Province,Province,"12",CA.NS,CA-NS
LAO_R6979808,LAO_R6979808_1,Chanthabuly,LAO_R6979808,C:/Users/dcmg2/Documents/GitHub/urban-epi/UESI 2023/indicators/spatial/LAO_R6979808.geojson,"1625",LAO,Laos,LAO.13_1,Vientiane [prefecture],NA,Kampeng Nakhon,Municipality|Prefecture,NA,LA.VT,NA
ITA_R43172,ITA_R43172_2,Borgo Panigale,ITA_R43172,C:/Users/dcmg2/Documents/GitHub/urban-epi/UESI 2023/indicators/spatial/ITA_R43172.geojson,"1380",ITA,Italy,ITA.6_1,Emilia-Romagna,NA,Regione,Region,"8",NA,IT-45
FRA_R5525314,FRA_R5525314_2,DIETWILLER,FRA_R5525314,C:/Users/dcmg2/Documents/GitHub/urban-epi/UESI 2023/indicators/spatial/FRA_R5525314.geojson,"943",FRA,France,FRA.6_1,Grand Est,NA,Région,Region,NA,FR.AO,NA
FRA_R54517,FRA_R54517_2,CENTRE,FRA_R54517,C:/Users/dcmg2/Documents/GitHub/urban-epi/UESI 2023/indicators/spatial/FRA_R54517.geojson,"940",FRA,France,FRA.3_1,Bretagne,NA,Région,Region,NA,FR.BT,FR-BRE
BEL_R2404021,BEL_R2404021_1,GRAND-PLACE,BEL_R2404021,C:/Users/dcmg2/Documents/GitHub/urban-epi/UESI 2023/indicators/spatial/BEL_R2404021.geojson,"198",BEL,Belgium,BEL.1_1,Bruxelles,NA,Gewest,Region,NA,NA,NA
IDN_R12354003,IDN_R12354003_1,Banjarmasin Barat,IDN_R12354003,C:/Users/dcmg2/Documents/GitHub/urban-epi/UESI 2023/indicators/spatial/IDN_R12354003.geojson,"1201",IDN,Indonesia,IDN.13_1,Kalimantan Selatan,NA,Propinisi,Province,"63",ID.KS,ID-KS
KEN_R9185096,KEN_R9185096_1,Mathare,KEN_R9185096,C:/Users/dcmg2/Documents/GitHub/urban-epi/UESI 2023/indicators/spatial/KEN_R9185096.geojson,"1523",KEN,Kenya,KEN.30_1,Nairobi,NA,County,County,"47",KE.NB,NA
ITA_R44875,ITA_R44875_2,Centro Est,ITA_R44875,C:/Users/dcmg2/Documents/GitHub/urban-epi/UESI 2023/indicators/spatial/ITA_R44875.geojson,"1383",ITA,Italy,ITA.9_1,Liguria,NA,Regione,Region,"7",NA,IT-42
ARG_R3594027,ARG_R3594027_3,Distrito Centro,ARG_R3594027,C:/Users/dcmg2/Documents/GitHub/urban-epi/UESI 2023/indicators/spatial/ARG_R3594027.geojson,"120",ARG,Argentina,ARG.21_1,Santa Fe,NA,Provincia,Province,NA,AR.SF,AR-S
AUS_R10632745,AUS_R10632745_2,Bridgewater - Gagebrook,AUS_R10632745,C:/Users/dcmg2/Documents/GitHub/urban-epi/UESI 2023/indicators/spatial/AUS_R10632745.geojson,"159",AUS,Australia,AUS.9_1,Tasmania,NA,State,State,"6",AU.TS,AU-TAS
ROU_R377733,ROU_R377733_1,Bucuresti Sectorul 2,ROU_R377733,C:/Users/dcmg2/Documents/GitHub/urban-epi/UESI 2023/indicators/spatial/ROU_R377733.geojson,"2623",ROU,Romania,ROU.10_1,Bucharest,NA,Municipiu,Municipality,NA,RO.BI,NA
CHN_R2778812,CHN_R2778812_14,赤水市,CHN_R2778812,C:/Users/dcmg2/Documents/GitHub/urban-epi/UESI 2023/indicators/spatial/CHN_R2778812.geojson,"496",CHN,China,CHN.8_1,Guizhou,貴州|贵州,Shěng,Province,NA,CN.GZ,CN-GZ
CHN_R913110,CHN_R913110_123,Central and Western District,CHN_R913110,C:/Users/dcmg2/Documents/GitHub/urban-epi/UESI 2023/indicators/spatial/CHN_R913110.geojson,"501",CHN,China,CHN.HKG,Hong Kong,NA,Special Administrative Region,Special Administrative Region,NA,HK,NA
MLI_R3544925,MLI_R3544925_1,Commune I,MLI_R3544925,C:/Users/dcmg2/Documents/GitHub/urban-epi/UESI 2023/indicators/spatial/MLI_R3544925.geojson,"1943",MLI,Mali,MLI.1_1,Bamako,NA,District,District,NA,ML.BA,ML-BKO
ITA_R44741,ITA_R44741_2,San Marco-Castello-Sant'Elena-Cannaregio,ITA_R44741,C:/Users/dcmg2/Documents/GitHub/urban-epi/UESI 2023/indicators/spatial/ITA_R44741.geojson,,,,ITA.20_1,,,,,,,
JPN_R4000503,JPN_R4000503_1,"43103",JPN_R4000503,C:/Users/dcmg2/Documents/GitHub/urban-epi/UESI 2023/indicators/spatial/JPN_R4000503.geojson,"1453",JPN,Japan,JPN.21_1,Kumamoto,熊本県,Ken,Prefecture,NA,JP.KM,JP-43
USA_R181552,USA_R181552_1,Census Tract 1,USA_R181552,C:/Users/dcmg2/Documents/GitHub/urban-epi/UESI 2023/indicators/spatial/USA_R181552.geojson,"3446",USA,United States,USA.35_1,North Dakota,NA,State,State,NA,US.ND,US-ND
DOM_R7407678,DOM_R7407678_123,HONDURAS DEL OESTE,DOM_R7407678,C:/Users/dcmg2/Documents/GitHub/urban-epi/UESI 2023/indicators/spatial/DOM_R7407678.geojson,"746",DOM,Dominican Republic,DOM.5_1,Distrito Nacional,NA,Distrito,National District,NA,DO.NC,NA
USA_R11049559,USA_R11049559_1,Census Tract 705,USA_R11049559,C:/Users/dcmg2/Documents/GitHub/urban-epi/UESI 2023/indicators/spatial/USA_R11049559.geojson,"3418",USA,United States,USA.7_1,Connecticut,NA,State,State,NA,US.CT,US-CT
USA_R111257,USA_R111257_1,Census Tract 1082,USA_R111257,C:/Users/dcmg2/Documents/GitHub/urban-epi/UESI 2023/indicators/spatial/USA_R111257.geojson,"3414",USA,United States,USA.3_1,Arizona,NA,State,State,NA,US.AZ,US-AZ
VNM_R1903516,VNM_R1903516_1,Ba Dinh,VNM_R1903516,C:/Users/dcmg2/Documents/GitHub/urban-epi/UESI 2023/indicators/spatial/VNM_R1903516.geojson,"3539",VNM,Vietnam,VNM.27_1,Hà Nội,NA,Thành phố,City,NA,VN.HI,NA
CHN_R3237073,CHN_R3237073_6,陵川县,CHN_R3237073,C:/Users/dcmg2/Documents/GitHub/urban-epi/UESI 2023/indicators/spatial/CHN_R3237073.geojson,"515",CHN,China,CHN.25_1,Shanxi,山西,Shěng,Province,NA,CN.SX,CN-SX
USA_R179860,USA_R179860_1,"37135011800",USA_R179860,C:/Users/dcmg2/Documents/GitHub/urban-epi/UESI 2023/indicators/spatial/USA_R179860.geojson,"3445",USA,United States,USA.34_1,North Carolina,NA,State,State,NA,US.NC,US-NC
TUR_R223422,TUR_R223422_1,Keçiören,TUR_R223422,C:/Users/dcmg2/Documents/GitHub/urban-epi/UESI 2023/indicators/spatial/TUR_R223422.geojson,"3176",TUR,Turkey,TUR.7_1,Ankara,NA,Il,Province,NA,TR.AN,TR-06
CAN_R1571328,CAN_R1571328_2,2021S05074620001.00,CAN_R1571328,C:/Users/dcmg2/Documents/GitHub/urban-epi/UESI 2023/indicators/spatial/CAN_R1571328.geojson,"444",CAN,Canada,CAN.11_1,Québec,NA,Province,Province,"24",CA.QC,NA
COL_R13437307,COL_R13437307_1,Comuna 3,COL_R13437307,C:/Users/dcmg2/Documents/GitHub/urban-epi/UESI 2023/indicators/spatial/COL_R13437307.geojson,"610",COL,Colombia,COL.12_2,Cesar,NA,Departamento,Department,NA,CO.CE,CO-CES
CHN_R912940,CHN_R912940_008,Huairou,CHN_R912940,C:/Users/dcmg2/Documents/GitHub/urban-epi/UESI 2023/indicators/spatial/CHN_R912940.geojson,"490",CHN,China,CHN.2_1,Beijing,北京|北京,Zhíxiáshì,Municipality,NA,CN.BJ,CN-BJ
USA_R179868,USA_R179868_1,"37063001802",USA_R179868,C:/Users/dcmg2/Documents/GitHub/urban-epi/UESI 2023/indicators/spatial/USA_R179868.geojson,"3445",USA,United States,USA.34_1,North Carolina,NA,State,State,NA,US.NC,US-NC
TUR_R1211493,TUR_R1211493_1,Akmeşe Atatürk Mahallesi,TUR_R1211493,C:/Users/dcmg2/Documents/GitHub/urban-epi/UESI 2023/indicators/spatial/TUR_R1211493.geojson,"3221",TUR,Turkey,TUR.52_1,Kocaeli,NA,Il,Province,NA,TR.KC,TR-41
JPN_R358759,JPN_R358759_1,"27146",JPN_R358759,C:/Users/dcmg2/Documents/GitHub/urban-epi/UESI 2023/indicators/spatial/JPN_R358759.geojson,"1465",JPN,Japan,JPN.33_1,Osaka,大阪府,Fu,Urban Prefecture,NA,JP.OS,JP-27
MEX_R1376330,MEX_R1376330_002,Azcapotzalco,MEX_R1376330,C:/Users/dcmg2/Documents/GitHub/urban-epi/UESI 2023/indicators/spatial/MEX_R1376330.geojson,"1815",MEX,México,MEX.9_1,Distrito Federal,NA,Distrito Federal,Federal District,NA,MX.DF,NA
USA_R136712,USA_R136712_1,Census Tract 1060,USA_R136712,C:/Users/dcmg2/Documents/GitHub/urban-epi/UESI 2023/indicators/spatial/USA_R136712.geojson,"3435",USA,United States,USA.24_1,Minnesota,NA,State,State,NA,US.MN,US-MN
SEN_R12982139,SEN_R12982139_1,Mermoz/ Sacre -Coeur,SEN_R12982139,C:/Users/dcmg2/Documents/GitHub/urban-epi/UESI 2023/indicators/spatial/SEN_R12982139.geojson,"2775",SEN,Senegal,SEN.1_1,Dakar,NA,Région,Region,"1",SN.DK,SN-DK
USA_R1216769,USA_R1216769_1,Census Tract 24.02,USA_R1216769,C:/Users/dcmg2/Documents/GitHub/urban-epi/UESI 2023/indicators/spatial/USA_R1216769.geojson,"3421",USA,United States,USA.10_1,Florida,NA,State,State,NA,US.FL,US-FL
CHN_R3221112,CHN_R3221112_123,Binjiang District,CHN_R3221112,C:/Users/dcmg2/Documents/GitHub/urban-epi/UESI 2023/indicators/spatial/CHN_R3221112.geojson,"525",CHN,China,CHN.31_1,Zhejiang,浙江,Shěng,Province,NA,CN.ZJ,CN-ZJ
BRA_N195594311,BRA_N195594311_2,São Raimundo,BRA_N195594311,C:/Users/dcmg2/Documents/GitHub/urban-epi/UESI 2023/indicators/spatial/BRA_N195594311.geojson,"342",BRA,Brazil,BRA.4_1,Amazonas,NA,Estado,State,NA,BR.AM,BR-AM
CHN_R2110264,CHN_R2110264_123,Chenghua District,CHN_R2110264,C:/Users/dcmg2/Documents/GitHub/urban-epi/UESI 2023/indicators/spatial/CHN_R2110264.geojson,"516",CHN,China,CHN.26_1,Sichuan,四川,Shěng,Province,NA,CN.SC,CN-SC
USA_R198770,USA_R198770_1,Census Tract 1145,USA_R198770,C:/Users/dcmg2/Documents/GitHub/urban-epi/UESI 2023/indicators/spatial/USA_R198770.geojson,"3456",USA,United States,USA.45_1,Utah,NA,State,State,NA,US.UT,US-UT
SVK_R388265,SVK_R388265_1,StarÃ© Mesto,SVK_R388265,C:/Users/dcmg2/Documents/GitHub/urban-epi/UESI 2023/indicators/spatial/SVK_R388265.geojson,"2904",SVK,Slovakia,SVK.2_1,Bratislavský,NA,Kraj,Region,NA,SK.BL,NA
JPN_R4008611,JPN_R4008611_1,"40131",JPN_R4008611,C:/Users/dcmg2/Documents/GitHub/urban-epi/UESI 2023/indicators/spatial/JPN_R4008611.geojson,"1439",JPN,Japan,JPN.7_1,Fukuoka,福岡県,Ken,Prefecture,NA,JP.FO,JP-40
